order_item_id,order_id,product_id,quantity,unit_price,line_total
1,1,45,1,486.08,486.08
2,1,146,3,185.29,555.87
3,1,78,3,30.04,90.12
4,1,104,2,307.78,615.56
5,2,83,4,136.28,545.12
6,2,120,2,68.09,136.18
7,2,114,1,320.37,320.37
8,2,55,3,68.55,205.65
9,2,131,3,194.36,583.08
10,3,80,2,87.32,174.64
11,3,58,2,357.91,715.82
12,4,19,2,433.91,867.82
13,4,117,4,472.8,1891.2
14,4,107,4,135.91,543.64
15,4,148,4,361.28,1445.12
16,5,28,4,203.58,814.32
17,6,119,4,293.34,1173.36
18,6,13,2,404.53,809.06
19,6,143,4,195.67,782.68
20,6,64,3,38.36,115.08
21,6,32,4,75.72,302.88
22,7,110,4,105.78,423.12
23,7,141,3,176.12,528.36
24,7,115,2,371.91,743.82
25,7,41,3,341.74,1025.22
26,7,122,4,449.97,1799.88
27,8,20,3,229.44,688.32
28,8,74,3,99.84,299.52
29,8,61,1,172.35,172.35
30,8,70,2,180.38,360.76
31,9,55,4,68.55,274.2
32,9,17,4,27.68,110.72
33,10,16,1,290.79,290.79
34,10,53,4,47.4,189.6
35,10,108,4,372.5,1490.0
36,10,100,1,41.26,41.26
37,11,108,4,372.5,1490.0
38,11,138,2,469.92,939.84
39,11,140,3,23.94,71.82
40,11,57,4,482.36,1929.44
41,12,104,2,307.78,615.56
42,12,43,1,150.28,150.28
43,12,120,4,68.09,272.36
44,13,22,4,336.74,1346.96
45,14,13,4,404.53,1618.12
46,14,67,3,363.06,1089.18
47,15,98,3,161.51,484.53
48,15,72,1,35.0,35.0
49,15,108,4,372.5,1490.0
50,16,90,2,426.41,852.82
51,17,8,2,405.67,811.34
52,18,40,2,485.68,971.36
53,18,62,4,296.28,1185.12
54,18,33,3,373.77,1121.31
55,18,122,3,449.97,1349.91
56,18,30,2,110.25,220.5
57,19,42,3,385.46,1156.38
58,20,148,2,361.28,722.56
59,20,97,1,337.49,337.49
60,20,102,2,440.24,880.48
61,21,31,3,442.92,1328.76
62,21,145,4,5.84,23.36
63,21,11,3,55.59,166.77
64,22,4,1,297.29,297.29
65,22,108,4,372.5,1490.0
66,22,126,3,488.22,1464.66
67,23,40,3,485.68,1457.04
68,23,112,4,50.69,202.76
69,23,46,4,256.3,1025.2
70,23,134,4,115.35,461.4
71,24,83,3,136.28,408.84
72,24,63,4,355.38,1421.52
73,24,23,2,306.52,613.04
74,25,98,2,161.51,323.02
75,25,87,4,375.25,1501.0
76,25,8,2,405.67,811.34
77,25,127,3,441.3,1323.9
78,25,84,3,146.2,438.6
79,26,71,1,432.6,432.6
80,26,143,2,195.67,391.34
81,26,3,4,339.97,1359.88
82,26,133,4,178.08,712.32
83,26,49,2,271.99,543.98
84,27,115,2,371.91,743.82
85,27,5,4,51.38,205.52
86,27,24,2,85.88,171.76
87,27,76,3,234.0,702.0
88,28,142,3,221.01,663.03
89,28,136,3,483.61,1450.83
90,28,89,4,33.16,132.64
91,28,109,3,144.47,433.41
92,29,50,3,301.48,904.44
93,30,50,4,301.48,1205.92
94,30,56,3,136.2,408.6
95,31,73,3,401.29,1203.87
96,31,26,2,343.88,687.76
97,31,50,3,301.48,904.44
98,31,76,1,234.0,234.0
99,31,59,2,221.86,443.72
100,32,142,3,221.01,663.03
101,33,27,4,118.38,473.52
102,33,4,4,297.29,1189.16
103,33,147,4,313.46,1253.84
104,33,73,3,401.29,1203.87
105,34,123,4,335.13,1340.52
106,34,30,4,110.25,441.0
107,34,17,1,27.68,27.68
108,35,39,2,299.96,599.92
109,36,22,4,336.74,1346.96
110,36,64,2,38.36,76.72
111,36,31,4,442.92,1771.68
112,37,110,1,105.78,105.78
113,37,79,1,484.65,484.65
114,37,146,2,185.29,370.58
115,38,41,2,341.74,683.48
116,39,1,4,17.38,69.52
117,39,105,4,335.59,1342.36
118,40,73,2,401.29,802.58
119,40,117,3,472.8,1418.4
120,40,19,2,433.91,867.82
121,41,39,2,299.96,599.92
122,41,69,1,99.25,99.25
123,42,146,1,185.29,185.29
124,42,74,4,99.84,399.36
125,42,113,3,26.82,80.46
126,43,129,4,402.11,1608.44
127,43,139,1,93.39,93.39
128,43,127,1,441.3,441.3
129,44,65,2,40.07,80.14
130,44,7,1,114.12,114.12
131,44,24,3,85.88,257.64
132,45,121,4,450.0,1800.0
133,45,133,3,178.08,534.24
134,46,126,4,488.22,1952.88
135,46,24,3,85.88,257.64
136,46,121,3,450.0,1350.0
137,46,90,1,426.41,426.41
138,47,127,1,441.3,441.3
139,47,74,4,99.84,399.36
140,47,103,1,83.08,83.08
141,47,141,3,176.12,528.36
142,48,132,4,115.1,460.4
143,48,1,1,17.38,17.38
144,48,139,2,93.39,186.78
145,48,119,3,293.34,880.02
146,49,14,2,270.43,540.86
147,49,53,3,47.4,142.2
148,49,69,4,99.25,397.0
149,49,141,4,176.12,704.48
150,50,62,4,296.28,1185.12
151,50,41,1,341.74,341.74
152,50,80,2,87.32,174.64
153,50,142,1,221.01,221.01
154,50,4,4,297.29,1189.16
155,51,128,3,369.6,1108.8
156,51,75,4,74.39,297.56
157,52,63,4,355.38,1421.52
158,52,117,2,472.8,945.6
159,52,142,2,221.01,442.02
160,52,38,1,300.22,300.22
161,53,88,3,294.17,882.51
162,53,130,3,137.07,411.21
163,53,69,4,99.25,397.0
164,53,1,2,17.38,34.76
165,54,86,4,484.51,1938.04
166,54,142,4,221.01,884.04
167,54,140,3,23.94,71.82
168,55,147,2,313.46,626.92
169,55,99,4,9.61,38.44
170,56,98,1,161.51,161.51
171,56,99,2,9.61,19.22
172,56,39,3,299.96,899.88
173,56,127,1,441.3,441.3
174,57,135,4,202.24,808.96
175,58,40,3,485.68,1457.04
176,58,20,4,229.44,917.76
177,58,121,1,450.0,450.0
178,58,68,3,125.28,375.84
179,59,98,1,161.51,161.51
180,59,82,2,86.5,173.0
181,59,125,3,463.25,1389.75
182,59,139,2,93.39,186.78
183,59,10,1,81.96,81.96
184,60,114,2,320.37,640.74
185,61,12,3,182.69,548.07
186,62,96,2,123.15,246.3
187,62,111,4,255.18,1020.72
188,62,38,2,300.22,600.44
189,63,98,2,161.51,323.02
190,63,62,4,296.28,1185.12
191,63,128,3,369.6,1108.8
192,63,150,4,350.12,1400.48
193,63,37,3,80.66,241.98
194,64,74,4,99.84,399.36
195,64,140,3,23.94,71.82
196,64,41,3,341.74,1025.22
197,64,19,4,433.91,1735.64
198,65,51,1,60.37,60.37
199,65,99,2,9.61,19.22
200,65,124,4,487.05,1948.2
201,66,76,3,234.0,702.0
202,66,6,1,282.82,282.82
203,66,102,1,440.24,440.24
204,67,74,2,99.84,199.68
205,67,59,3,221.86,665.58
206,67,91,2,339.23,678.46
207,67,57,1,482.36,482.36
208,68,80,4,87.32,349.28
209,69,24,3,85.88,257.64
210,69,76,4,234.0,936.0
211,70,94,3,212.52,637.56
212,70,136,4,483.61,1934.44
213,70,129,3,402.11,1206.33
214,70,70,3,180.38,541.14
215,70,43,1,150.28,150.28
216,71,58,3,357.91,1073.73
217,71,102,1,440.24,440.24
218,72,138,3,469.92,1409.76
219,72,32,3,75.72,227.16
220,72,117,4,472.8,1891.2
221,73,28,1,203.58,203.58
222,73,60,3,64.9,194.7
223,73,121,2,450.0,900.0
224,74,78,1,30.04,30.04
225,74,105,1,335.59,335.59
226,74,30,3,110.25,330.75
227,74,36,4,50.0,200.0
228,75,35,4,184.19,736.76
229,75,100,2,41.26,82.52
230,75,117,4,472.8,1891.2
231,75,95,1,467.68,467.68
232,75,139,4,93.39,373.56
233,76,9,4,350.58,1402.32
234,76,95,4,467.68,1870.72
235,76,56,2,136.2,272.4
236,77,140,4,23.94,95.76
237,77,92,3,64.34,193.02
238,77,16,2,290.79,581.58
239,78,24,3,85.88,257.64
240,78,55,2,68.55,137.1
241,78,6,2,282.82,565.64
242,78,13,2,404.53,809.06
243,79,54,1,489.1,489.1
244,79,56,3,136.2,408.6
245,79,60,2,64.9,129.8
246,79,85,2,81.62,163.24
247,79,38,3,300.22,900.66
248,80,34,1,374.77,374.77
249,81,83,2,136.28,272.56
250,81,5,3,51.38,154.14
251,82,135,4,202.24,808.96
252,82,30,3,110.25,330.75
253,82,17,1,27.68,27.68
254,82,122,4,449.97,1799.88
255,83,12,1,182.69,182.69
256,83,134,4,115.35,461.4
257,83,78,4,30.04,120.16
258,83,118,4,275.07,1100.28
259,83,8,1,405.67,405.67
260,84,19,1,433.91,433.91
261,84,21,2,85.51,171.02
262,84,83,3,136.28,408.84
263,84,38,3,300.22,900.66
264,85,76,1,234.0,234.0
265,85,117,2,472.8,945.6
266,85,130,4,137.07,548.28
267,85,111,4,255.18,1020.72
268,85,26,2,343.88,687.76
269,86,103,4,83.08,332.32
270,86,107,3,135.91,407.73
271,86,25,3,494.81,1484.43
272,86,81,3,110.8,332.4
273,87,18,1,492.68,492.68
274,87,24,3,85.88,257.64
275,87,22,2,336.74,673.48
276,87,111,1,255.18,255.18
277,88,85,1,81.62,81.62
278,88,32,3,75.72,227.16
279,88,106,3,466.22,1398.66
280,88,91,3,339.23,1017.69
281,88,109,1,144.47,144.47
282,89,124,1,487.05,487.05
283,89,58,3,357.91,1073.73
284,90,72,2,35.0,70.0
285,91,143,3,195.67,587.01
286,91,7,3,114.12,342.36
287,91,69,3,99.25,297.75
288,91,8,3,405.67,1217.01
289,91,47,1,421.63,421.63
290,92,103,2,83.08,166.16
291,92,18,4,492.68,1970.72
292,92,37,4,80.66,322.64
293,92,8,4,405.67,1622.68
294,92,24,3,85.88,257.64
295,93,146,2,185.29,370.58
296,93,22,2,336.74,673.48
297,93,14,1,270.43,270.43
298,94,109,3,144.47,433.41
299,94,125,2,463.25,926.5
300,94,114,1,320.37,320.37
301,94,107,3,135.91,407.73
302,95,125,4,463.25,1853.0
303,95,135,1,202.24,202.24
304,95,79,1,484.65,484.65
305,95,12,2,182.69,365.38
306,95,57,3,482.36,1447.08
307,96,66,3,336.14,1008.42
308,96,75,1,74.39,74.39
309,97,45,2,486.08,972.16
310,97,34,3,374.77,1124.31
311,97,98,1,161.51,161.51
312,97,137,4,322.53,1290.12
313,98,5,4,51.38,205.52
314,98,118,4,275.07,1100.28
315,98,20,4,229.44,917.76
316,98,81,3,110.8,332.4
317,99,44,1,6.61,6.61
318,99,118,4,275.07,1100.28
319,99,93,1,291.56,291.56
320,100,135,3,202.24,606.72
321,100,21,2,85.51,171.02
322,100,102,3,440.24,1320.72
323,100,80,2,87.32,174.64
324,101,136,2,483.61,967.22
325,102,38,2,300.22,600.44
326,102,61,3,172.35,517.05
327,102,27,2,118.38,236.76
328,103,46,4,256.3,1025.2
329,104,115,4,371.91,1487.64
330,104,145,1,5.84,5.84
331,104,83,4,136.28,545.12
332,104,81,4,110.8,443.2
333,104,39,3,299.96,899.88
334,105,91,1,339.23,339.23
335,106,15,3,44.01,132.03
336,107,130,4,137.07,548.28
337,108,116,2,282.65,565.3
338,109,39,1,299.96,299.96
339,109,16,2,290.79,581.58
340,109,116,1,282.65,282.65
341,109,27,2,118.38,236.76
342,109,88,4,294.17,1176.68
343,110,41,4,341.74,1366.96
344,110,94,3,212.52,637.56
345,110,96,1,123.15,123.15
346,110,73,3,401.29,1203.87
347,110,100,1,41.26,41.26
348,111,73,1,401.29,401.29
349,111,65,2,40.07,80.14
350,111,39,3,299.96,899.88
351,111,86,3,484.51,1453.53
352,112,34,4,374.77,1499.08
353,112,22,3,336.74,1010.22
354,112,80,2,87.32,174.64
355,112,144,1,131.09,131.09
356,113,93,3,291.56,874.68
357,113,5,4,51.38,205.52
358,113,80,2,87.32,174.64
359,113,47,2,421.63,843.26
360,113,55,2,68.55,137.1
361,114,130,1,137.07,137.07
362,115,34,2,374.77,749.54
363,115,97,4,337.49,1349.96
364,115,40,1,485.68,485.68
365,115,42,4,385.46,1541.84
366,115,47,3,421.63,1264.89
367,116,73,2,401.29,802.58
368,116,115,3,371.91,1115.73
369,116,60,4,64.9,259.6
370,116,137,2,322.53,645.06
371,117,113,4,26.82,107.28
372,117,119,2,293.34,586.68
373,117,73,2,401.29,802.58
374,117,98,2,161.51,323.02
375,117,129,3,402.11,1206.33
376,118,142,1,221.01,221.01
377,118,27,3,118.38,355.14
378,118,133,1,178.08,178.08
379,119,132,2,115.1,230.2
380,119,38,4,300.22,1200.88
381,119,112,3,50.69,152.07
382,119,24,1,85.88,85.88
383,120,96,1,123.15,123.15
384,120,61,3,172.35,517.05
385,120,99,1,9.61,9.61
386,120,21,3,85.51,256.53
387,120,58,2,357.91,715.82
388,121,36,1,50.0,50.0
389,121,121,1,450.0,450.0
390,121,115,3,371.91,1115.73
391,121,2,2,115.49,230.98
392,122,136,3,483.61,1450.83
393,122,109,1,144.47,144.47
394,122,29,1,457.0,457.0
395,122,74,2,99.84,199.68
396,122,61,4,172.35,689.4
397,123,17,1,27.68,27.68
398,123,29,2,457.0,914.0
399,123,128,2,369.6,739.2
400,123,138,3,469.92,1409.76
401,124,62,2,296.28,592.56
402,124,147,1,313.46,313.46
403,124,107,3,135.91,407.73
404,125,130,1,137.07,137.07
405,125,142,4,221.01,884.04
406,125,6,3,282.82,848.46
407,125,100,3,41.26,123.78
408,125,121,1,450.0,450.0
409,126,62,3,296.28,888.84
410,126,27,2,118.38,236.76
411,126,149,1,335.11,335.11
412,127,119,2,293.34,586.68
413,127,123,2,335.13,670.26
414,128,10,2,81.96,163.92
415,128,76,1,234.0,234.0
416,128,52,3,123.53,370.59
417,128,12,3,182.69,548.07
418,129,122,3,449.97,1349.91
419,129,65,1,40.07,40.07
420,129,10,3,81.96,245.88
421,129,49,3,271.99,815.97
422,129,74,1,99.84,99.84
423,130,113,4,26.82,107.28
424,130,99,4,9.61,38.44
425,130,87,3,375.25,1125.75
426,130,48,3,80.66,241.98
427,131,21,3,85.51,256.53
428,131,111,3,255.18,765.54
429,131,47,1,421.63,421.63
430,131,140,1,23.94,23.94
431,132,115,4,371.91,1487.64
432,132,110,3,105.78,317.34
433,132,43,4,150.28,601.12
434,133,112,1,50.69,50.69
435,133,71,4,432.6,1730.4
436,133,15,3,44.01,132.03
437,134,8,4,405.67,1622.68
438,134,37,1,80.66,80.66
439,135,93,1,291.56,291.56
440,135,99,2,9.61,19.22
441,135,146,4,185.29,741.16
442,136,20,3,229.44,688.32
443,136,147,4,313.46,1253.84
444,136,36,3,50.0,150.0
445,136,136,3,483.61,1450.83
446,137,48,4,80.66,322.64
447,138,31,3,442.92,1328.76
448,138,68,4,125.28,501.12
449,138,67,2,363.06,726.12
450,138,115,1,371.91,371.91
451,138,55,2,68.55,137.1
452,139,114,3,320.37,961.11
453,139,23,3,306.52,919.56
454,140,75,2,74.39,148.78
455,140,77,1,224.35,224.35
456,140,41,2,341.74,683.48
457,140,45,2,486.08,972.16
458,140,93,2,291.56,583.12
459,141,142,4,221.01,884.04
460,141,147,2,313.46,626.92
461,141,95,1,467.68,467.68
462,142,135,1,202.24,202.24
463,142,106,2,466.22,932.44
464,142,105,3,335.59,1006.77
465,142,148,1,361.28,361.28
466,143,89,4,33.16,132.64
467,143,33,1,373.77,373.77
468,143,142,1,221.01,221.01
469,143,47,2,421.63,843.26
470,143,34,3,374.77,1124.31
471,144,89,3,33.16,99.48
472,144,133,1,178.08,178.08
473,145,71,2,432.6,865.2
474,145,33,2,373.77,747.54
475,145,78,2,30.04,60.08
476,145,137,3,322.53,967.59
477,145,24,1,85.88,85.88
478,146,12,3,182.69,548.07
479,147,107,3,135.91,407.73
480,147,8,4,405.67,1622.68
481,147,128,2,369.6,739.2
482,147,140,4,23.94,95.76
483,147,75,3,74.39,223.17
484,148,41,4,341.74,1366.96
485,149,88,3,294.17,882.51
486,149,37,3,80.66,241.98
487,150,103,1,83.08,83.08
488,150,34,3,374.77,1124.31
489,150,95,2,467.68,935.36
490,151,64,3,38.36,115.08
491,151,37,4,80.66,322.64
492,151,25,4,494.81,1979.24
493,151,13,2,404.53,809.06
494,152,84,3,146.2,438.6
495,152,148,2,361.28,722.56
496,153,120,4,68.09,272.36
497,153,128,4,369.6,1478.4
498,153,79,2,484.65,969.3
499,153,6,2,282.82,565.64
500,153,24,3,85.88,257.64
501,154,121,1,450.0,450.0
502,154,74,4,99.84,399.36
503,154,138,2,469.92,939.84
504,154,3,3,339.97,1019.91
505,155,94,2,212.52,425.04
506,155,12,3,182.69,548.07
507,155,103,3,83.08,249.24
508,155,14,1,270.43,270.43
509,156,72,3,35.0,105.0
510,156,31,3,442.92,1328.76
511,156,33,3,373.77,1121.31
512,156,25,2,494.81,989.62
513,156,101,2,70.57,141.14
514,157,11,4,55.59,222.36
515,157,12,4,182.69,730.76
516,157,10,2,81.96,163.92
517,157,36,2,50.0,100.0
518,157,86,3,484.51,1453.53
519,158,101,3,70.57,211.71
520,158,77,4,224.35,897.4
521,159,5,4,51.38,205.52
522,159,95,3,467.68,1403.04
523,159,85,1,81.62,81.62
524,159,29,4,457.0,1828.0
525,160,148,2,361.28,722.56
526,160,59,4,221.86,887.44
527,160,14,2,270.43,540.86
528,160,150,2,350.12,700.24
529,160,123,1,335.13,335.13
530,161,49,1,271.99,271.99
531,162,106,4,466.22,1864.88
532,162,53,4,47.4,189.6
533,163,36,2,50.0,100.0
534,164,135,4,202.24,808.96
535,164,97,3,337.49,1012.47
536,164,81,3,110.8,332.4
537,164,45,3,486.08,1458.24
538,165,72,3,35.0,105.0
539,165,143,2,195.67,391.34
540,166,74,3,99.84,299.52
541,166,54,4,489.1,1956.4
542,166,126,3,488.22,1464.66
543,167,74,4,99.84,399.36
544,167,32,4,75.72,302.88
545,167,147,3,313.46,940.38
546,168,75,3,74.39,223.17
547,168,11,1,55.59,55.59
548,169,123,3,335.13,1005.39
549,169,55,3,68.55,205.65
550,169,52,2,123.53,247.06
551,170,62,2,296.28,592.56
552,170,63,1,355.38,355.38
553,170,13,1,404.53,404.53
554,170,136,4,483.61,1934.44
555,170,58,3,357.91,1073.73
556,171,2,2,115.49,230.98
557,171,141,4,176.12,704.48
558,172,123,3,335.13,1005.39
559,172,52,1,123.53,123.53
560,172,74,1,99.84,99.84
561,172,83,2,136.28,272.56
562,173,45,4,486.08,1944.32
563,174,102,4,440.24,1760.96
564,175,10,1,81.96,81.96
565,175,3,3,339.97,1019.91
566,175,77,3,224.35,673.05
567,176,135,3,202.24,606.72
568,176,127,2,441.3,882.6
569,176,35,1,184.19,184.19
570,176,130,3,137.07,411.21
571,176,120,2,68.09,136.18
572,177,48,3,80.66,241.98
573,177,4,2,297.29,594.58
574,177,87,2,375.25,750.5
575,178,110,4,105.78,423.12
576,178,132,1,115.1,115.1
577,178,84,2,146.2,292.4
578,178,23,2,306.52,613.04
579,179,2,4,115.49,461.96
580,179,67,2,363.06,726.12
581,180,78,1,30.04,30.04
582,180,150,3,350.12,1050.36
583,180,147,3,313.46,940.38
584,181,120,3,68.09,204.27
585,182,80,2,87.32,174.64
586,182,31,2,442.92,885.84
587,182,76,4,234.0,936.0
588,182,95,2,467.68,935.36
589,182,57,4,482.36,1929.44
590,183,107,2,135.91,271.82
591,183,141,2,176.12,352.24
592,183,121,1,450.0,450.0
593,184,20,1,229.44,229.44
594,184,145,2,5.84,11.68
595,184,29,2,457.0,914.0
596,185,114,1,320.37,320.37
597,185,30,4,110.25,441.0
598,185,53,1,47.4,47.4
599,185,150,4,350.12,1400.48
600,185,126,2,488.22,976.44
601,186,15,4,44.01,176.04
602,186,144,3,131.09,393.27
603,186,119,1,293.34,293.34
604,186,79,2,484.65,969.3
605,186,6,1,282.82,282.82
606,187,139,1,93.39,93.39
607,188,9,2,350.58,701.16
608,188,74,4,99.84,399.36
609,188,105,3,335.59,1006.77
610,188,47,4,421.63,1686.52
611,189,97,3,337.49,1012.47
612,189,21,1,85.51,85.51
613,189,139,2,93.39,186.78
614,189,35,4,184.19,736.76
615,190,1,3,17.38,52.14
616,190,6,4,282.82,1131.28
617,191,137,4,322.53,1290.12
618,191,98,3,161.51,484.53
619,191,59,2,221.86,443.72
620,191,64,3,38.36,115.08
621,192,9,4,350.58,1402.32
622,193,62,2,296.28,592.56
623,194,115,1,371.91,371.91
624,195,113,1,26.82,26.82
625,195,60,2,64.9,129.8
626,195,139,3,93.39,280.17
627,195,56,2,136.2,272.4
628,196,82,2,86.5,173.0
629,196,148,2,361.28,722.56
630,196,83,4,136.28,545.12
631,196,61,3,172.35,517.05
632,196,78,3,30.04,90.12
633,197,45,3,486.08,1458.24
634,197,110,4,105.78,423.12
635,197,143,3,195.67,587.01
636,197,127,4,441.3,1765.2
637,197,13,4,404.53,1618.12
638,198,138,2,469.92,939.84
639,198,122,2,449.97,899.94
640,199,119,4,293.34,1173.36
641,199,15,4,44.01,176.04
642,200,63,1,355.38,355.38
643,200,66,4,336.14,1344.56
644,200,53,3,47.4,142.2
645,200,85,1,81.62,81.62
646,201,14,4,270.43,1081.72
647,201,69,1,99.25,99.25
648,202,144,3,131.09,393.27
649,202,56,1,136.2,136.2
650,202,123,2,335.13,670.26
651,202,54,2,489.1,978.2
652,202,86,1,484.51,484.51
653,203,63,3,355.38,1066.14
654,203,53,3,47.4,142.2
655,203,102,4,440.24,1760.96
656,203,62,4,296.28,1185.12
657,204,67,4,363.06,1452.24
658,204,93,4,291.56,1166.24
659,204,132,1,115.1,115.1
660,205,82,4,86.5,346.0
661,205,53,1,47.4,47.4
662,205,95,2,467.68,935.36
663,205,81,2,110.8,221.6
664,206,149,3,335.11,1005.33
665,206,107,2,135.91,271.82
666,206,76,4,234.0,936.0
667,206,40,2,485.68,971.36
668,206,51,4,60.37,241.48
669,207,66,2,336.14,672.28
670,207,126,3,488.22,1464.66
671,207,118,2,275.07,550.14
672,208,48,1,80.66,80.66
673,208,139,1,93.39,93.39
674,208,16,1,290.79,290.79
675,208,135,1,202.24,202.24
676,209,18,1,492.68,492.68
677,209,39,2,299.96,599.92
678,210,124,4,487.05,1948.2
679,211,106,3,466.22,1398.66
680,211,4,1,297.29,297.29
681,211,5,4,51.38,205.52
682,211,136,2,483.61,967.22
683,211,71,1,432.6,432.6
684,212,62,3,296.28,888.84
685,212,50,3,301.48,904.44
686,213,96,4,123.15,492.6
687,214,77,1,224.35,224.35
688,214,21,1,85.51,85.51
689,215,122,4,449.97,1799.88
690,215,15,4,44.01,176.04
691,215,3,3,339.97,1019.91
692,215,44,1,6.61,6.61
693,215,22,1,336.74,336.74
694,216,122,1,449.97,449.97
695,216,70,2,180.38,360.76
696,216,12,3,182.69,548.07
697,216,20,1,229.44,229.44
698,216,72,2,35.0,70.0
699,217,20,2,229.44,458.88
700,217,77,4,224.35,897.4
701,217,42,3,385.46,1156.38
702,217,145,4,5.84,23.36
703,218,129,3,402.11,1206.33
704,219,20,4,229.44,917.76
705,219,88,3,294.17,882.51
706,220,126,4,488.22,1952.88
707,220,59,4,221.86,887.44
708,220,92,2,64.34,128.68
709,220,142,4,221.01,884.04
710,221,64,3,38.36,115.08
711,221,19,2,433.91,867.82
712,221,22,4,336.74,1346.96
713,222,100,3,41.26,123.78
714,222,82,1,86.5,86.5
715,223,114,1,320.37,320.37
716,223,93,2,291.56,583.12
717,223,70,1,180.38,180.38
718,224,143,1,195.67,195.67
719,224,132,3,115.1,345.3
720,224,105,1,335.59,335.59
721,224,27,3,118.38,355.14
722,224,7,4,114.12,456.48
723,225,22,2,336.74,673.48
724,225,144,4,131.09,524.36
725,225,63,2,355.38,710.76
726,225,147,2,313.46,626.92
727,226,38,3,300.22,900.66
728,226,17,4,27.68,110.72
729,226,43,3,150.28,450.84
730,226,112,4,50.69,202.76
731,227,64,4,38.36,153.44
732,227,127,1,441.3,441.3
733,227,51,2,60.37,120.74
734,228,86,3,484.51,1453.53
735,228,98,4,161.51,646.04
736,228,85,2,81.62,163.24
737,228,113,3,26.82,80.46
738,229,123,2,335.13,670.26
739,229,81,4,110.8,443.2
740,230,148,3,361.28,1083.84
741,230,63,4,355.38,1421.52
742,230,84,3,146.2,438.6
743,230,97,1,337.49,337.49
744,231,140,2,23.94,47.88
745,231,47,4,421.63,1686.52
746,231,141,3,176.12,528.36
747,231,7,1,114.12,114.12
748,231,119,4,293.34,1173.36
749,232,62,4,296.28,1185.12
750,232,65,4,40.07,160.28
751,232,40,1,485.68,485.68
752,233,150,4,350.12,1400.48
753,233,103,1,83.08,83.08
754,233,137,3,322.53,967.59
755,233,130,1,137.07,137.07
756,234,43,4,150.28,601.12
757,234,12,3,182.69,548.07
758,234,145,4,5.84,23.36
759,235,57,2,482.36,964.72
760,235,131,4,194.36,777.44
761,235,133,3,178.08,534.24
762,236,129,1,402.11,402.11
763,236,39,3,299.96,899.88
764,236,89,4,33.16,132.64
765,236,7,1,114.12,114.12
766,236,124,1,487.05,487.05
767,237,90,3,426.41,1279.23
768,237,80,4,87.32,349.28
769,238,90,4,426.41,1705.64
770,238,122,3,449.97,1349.91
771,238,25,1,494.81,494.81
772,238,113,3,26.82,80.46
773,239,6,3,282.82,848.46
774,240,63,2,355.38,710.76
775,240,133,2,178.08,356.16
776,241,60,4,64.9,259.6
777,241,104,1,307.78,307.78
778,241,48,2,80.66,161.32
779,241,111,4,255.18,1020.72
780,242,55,2,68.55,137.1
781,243,148,1,361.28,361.28
782,244,94,2,212.52,425.04
783,244,84,4,146.2,584.8
784,245,136,1,483.61,483.61
785,245,81,3,110.8,332.4
786,245,100,3,41.26,123.78
787,245,101,4,70.57,282.28
788,246,22,1,336.74,336.74
789,246,35,2,184.19,368.38
790,246,81,3,110.8,332.4
791,247,131,4,194.36,777.44
792,247,100,2,41.26,82.52
793,248,125,2,463.25,926.5
794,248,138,2,469.92,939.84
795,249,81,1,110.8,110.8
796,249,116,3,282.65,847.95
797,250,50,4,301.48,1205.92
798,250,99,4,9.61,38.44
799,251,126,1,488.22,488.22
800,251,43,2,150.28,300.56
801,251,22,3,336.74,1010.22
802,251,145,1,5.84,5.84
803,252,44,4,6.61,26.44
804,252,118,1,275.07,275.07
805,252,145,1,5.84,5.84
806,253,139,2,93.39,186.78
807,253,11,4,55.59,222.36
808,253,113,1,26.82,26.82
809,254,77,4,224.35,897.4
810,254,9,3,350.58,1051.74
811,255,113,1,26.82,26.82
812,256,90,2,426.41,852.82
813,256,110,2,105.78,211.56
814,257,16,3,290.79,872.37
815,257,146,3,185.29,555.87
816,258,75,1,74.39,74.39
817,258,147,2,313.46,626.92
818,258,69,4,99.25,397.0
819,259,33,2,373.77,747.54
820,259,34,3,374.77,1124.31
821,259,64,2,38.36,76.72
822,260,126,4,488.22,1952.88
823,260,37,4,80.66,322.64
824,260,148,4,361.28,1445.12
825,260,69,1,99.25,99.25
826,261,104,3,307.78,923.34
827,262,117,1,472.8,472.8
828,262,125,1,463.25,463.25
829,262,84,4,146.2,584.8
830,263,17,2,27.68,55.36
831,263,137,4,322.53,1290.12
832,263,102,2,440.24,880.48
833,264,87,2,375.25,750.5
834,264,141,4,176.12,704.48
835,264,148,3,361.28,1083.84
836,265,12,1,182.69,182.69
837,266,5,4,51.38,205.52
838,266,32,1,75.72,75.72
839,266,41,4,341.74,1366.96
840,266,113,2,26.82,53.64
841,267,41,3,341.74,1025.22
842,267,71,3,432.6,1297.8
843,267,24,1,85.88,85.88
844,268,14,3,270.43,811.29
845,268,102,2,440.24,880.48
846,269,1,2,17.38,34.76
847,270,58,1,357.91,357.91
848,270,133,4,178.08,712.32
849,270,114,2,320.37,640.74
850,270,3,4,339.97,1359.88
851,270,88,1,294.17,294.17
852,271,27,3,118.38,355.14
853,272,98,2,161.51,323.02
854,272,35,1,184.19,184.19
855,273,43,4,150.28,601.12
856,273,113,4,26.82,107.28
857,273,90,2,426.41,852.82
858,273,55,1,68.55,68.55
859,273,39,1,299.96,299.96
860,274,99,2,9.61,19.22
861,274,90,3,426.41,1279.23
862,274,110,1,105.78,105.78
863,274,81,2,110.8,221.6
864,274,36,3,50.0,150.0
865,275,78,2,30.04,60.08
866,276,101,1,70.57,70.57
867,276,76,2,234.0,468.0
868,277,128,1,369.6,369.6
869,277,19,3,433.91,1301.73
870,278,146,2,185.29,370.58
871,278,108,4,372.5,1490.0
872,278,94,1,212.52,212.52
873,278,140,1,23.94,23.94
874,279,56,4,136.2,544.8
875,279,11,3,55.59,166.77
876,279,16,4,290.79,1163.16
877,280,138,2,469.92,939.84
878,281,131,2,194.36,388.72
879,282,84,2,146.2,292.4
880,282,101,1,70.57,70.57
881,282,17,2,27.68,55.36
882,282,80,1,87.32,87.32
883,282,112,4,50.69,202.76
884,283,15,2,44.01,88.02
885,283,80,1,87.32,87.32
886,283,45,2,486.08,972.16
887,283,31,4,442.92,1771.68
888,283,4,3,297.29,891.87
889,284,43,3,150.28,450.84
890,284,96,1,123.15,123.15
891,284,33,1,373.77,373.77
892,285,135,1,202.24,202.24
893,285,17,4,27.68,110.72
894,285,68,4,125.28,501.12
895,286,146,3,185.29,555.87
896,286,43,1,150.28,150.28
897,286,95,1,467.68,467.68
898,286,41,2,341.74,683.48
899,287,4,2,297.29,594.58
900,288,39,4,299.96,1199.84
901,288,46,2,256.3,512.6
902,288,10,3,81.96,245.88
903,288,142,2,221.01,442.02
904,289,70,3,180.38,541.14
905,289,20,1,229.44,229.44
906,289,147,1,313.46,313.46
907,290,12,3,182.69,548.07
908,290,103,3,83.08,249.24
909,290,18,1,492.68,492.68
910,290,120,4,68.09,272.36
911,290,73,1,401.29,401.29
912,291,78,2,30.04,60.08
913,291,63,2,355.38,710.76
914,291,119,2,293.34,586.68
915,291,95,1,467.68,467.68
916,291,127,4,441.3,1765.2
917,292,3,4,339.97,1359.88
918,292,86,3,484.51,1453.53
919,292,1,1,17.38,17.38
920,293,108,1,372.5,372.5
921,293,126,2,488.22,976.44
922,294,60,4,64.9,259.6
923,295,22,2,336.74,673.48
924,295,149,4,335.11,1340.44
925,295,25,1,494.81,494.81
926,295,130,1,137.07,137.07
927,296,61,3,172.35,517.05
928,296,75,3,74.39,223.17
929,297,82,2,86.5,173.0
930,297,116,1,282.65,282.65
931,297,70,2,180.38,360.76
932,298,28,3,203.58,610.74
933,298,40,4,485.68,1942.72
934,298,43,1,150.28,150.28
935,298,116,3,282.65,847.95
936,298,120,2,68.09,136.18
937,299,31,3,442.92,1328.76
938,299,24,1,85.88,85.88
939,299,41,2,341.74,683.48
940,300,24,3,85.88,257.64
941,300,64,4,38.36,153.44
942,301,67,4,363.06,1452.24
943,301,45,4,486.08,1944.32
944,301,8,2,405.67,811.34
945,302,32,1,75.72,75.72
946,302,4,2,297.29,594.58
947,303,96,1,123.15,123.15
948,303,22,1,336.74,336.74
949,303,150,1,350.12,350.12
950,303,67,2,363.06,726.12
951,304,24,1,85.88,85.88
952,304,85,1,81.62,81.62
953,305,147,4,313.46,1253.84
954,305,111,4,255.18,1020.72
955,306,45,3,486.08,1458.24
956,306,91,3,339.23,1017.69
957,306,55,4,68.55,274.2
958,306,48,2,80.66,161.32
959,307,63,4,355.38,1421.52
960,307,76,1,234.0,234.0
961,307,128,1,369.6,369.6
962,307,106,3,466.22,1398.66
963,307,141,4,176.12,704.48
964,308,64,4,38.36,153.44
965,308,140,4,23.94,95.76
966,308,5,3,51.38,154.14
967,308,98,3,161.51,484.53
968,308,92,4,64.34,257.36
969,309,57,1,482.36,482.36
970,309,8,4,405.67,1622.68
971,309,72,3,35.0,105.0
972,310,41,2,341.74,683.48
973,310,26,2,343.88,687.76
974,311,57,4,482.36,1929.44
975,312,46,3,256.3,768.9
976,312,61,3,172.35,517.05
977,313,146,2,185.29,370.58
978,313,145,4,5.84,23.36
979,313,37,3,80.66,241.98
980,314,15,2,44.01,88.02
981,315,123,3,335.13,1005.39
982,315,1,2,17.38,34.76
983,315,85,3,81.62,244.86
984,315,52,1,123.53,123.53
985,315,34,1,374.77,374.77
986,316,29,3,457.0,1371.0
987,316,135,1,202.24,202.24
988,317,26,2,343.88,687.76
989,317,87,2,375.25,750.5
990,317,78,4,30.04,120.16
991,317,83,4,136.28,545.12
992,318,92,3,64.34,193.02
993,318,58,2,357.91,715.82
994,318,45,2,486.08,972.16
995,318,97,1,337.49,337.49
996,318,79,4,484.65,1938.6
997,319,9,1,350.58,350.58
998,319,47,4,421.63,1686.52
999,319,82,2,86.5,173.0
1000,319,57,3,482.36,1447.08
1001,319,145,1,5.84,5.84
1002,320,43,4,150.28,601.12
1003,320,23,1,306.52,306.52
1004,320,86,3,484.51,1453.53
1005,321,90,3,426.41,1279.23
1006,322,13,4,404.53,1618.12
1007,323,106,4,466.22,1864.88
1008,323,127,3,441.3,1323.9
1009,324,148,1,361.28,361.28
1010,324,58,1,357.91,357.91
1011,324,42,3,385.46,1156.38
1012,324,116,1,282.65,282.65
1013,325,19,3,433.91,1301.73
1014,326,20,1,229.44,229.44
1015,326,141,3,176.12,528.36
1016,327,8,2,405.67,811.34
1017,327,111,1,255.18,255.18
1018,327,43,1,150.28,150.28
1019,327,112,3,50.69,152.07
1020,328,142,3,221.01,663.03
1021,328,139,2,93.39,186.78
1022,328,68,1,125.28,125.28
1023,328,73,1,401.29,401.29
1024,329,40,4,485.68,1942.72
1025,329,14,1,270.43,270.43
1026,329,93,3,291.56,874.68
1027,329,1,4,17.38,69.52
1028,330,44,1,6.61,6.61
1029,330,75,4,74.39,297.56
1030,331,121,4,450.0,1800.0
1031,331,126,2,488.22,976.44
1032,331,68,3,125.28,375.84
1033,331,24,4,85.88,343.52
1034,332,68,4,125.28,501.12
1035,333,145,1,5.84,5.84
1036,333,16,1,290.79,290.79
1037,333,39,3,299.96,899.88
1038,334,59,4,221.86,887.44
1039,334,142,4,221.01,884.04
1040,334,16,2,290.79,581.58
1041,334,100,4,41.26,165.04
1042,334,134,3,115.35,346.05
1043,335,129,2,402.11,804.22
1044,336,45,2,486.08,972.16
1045,336,43,1,150.28,150.28
1046,336,55,4,68.55,274.2
1047,336,50,1,301.48,301.48
1048,337,67,1,363.06,363.06
1049,337,82,1,86.5,86.5
1050,338,84,4,146.2,584.8
1051,338,71,1,432.6,432.6
1052,338,134,4,115.35,461.4
1053,338,118,2,275.07,550.14
1054,338,4,2,297.29,594.58
1055,339,28,1,203.58,203.58
1056,340,89,4,33.16,132.64
1057,340,106,1,466.22,466.22
1058,340,68,2,125.28,250.56
1059,340,99,3,9.61,28.83
1060,340,125,4,463.25,1853.0
1061,341,10,1,81.96,81.96
1062,341,102,4,440.24,1760.96
1063,341,85,3,81.62,244.86
1064,341,61,3,172.35,517.05
1065,342,80,1,87.32,87.32
1066,342,72,2,35.0,70.0
1067,342,126,2,488.22,976.44
1068,343,83,2,136.28,272.56
1069,343,69,4,99.25,397.0
1070,343,107,2,135.91,271.82
1071,343,23,4,306.52,1226.08
1072,344,96,3,123.15,369.45
1073,344,15,4,44.01,176.04
1074,344,132,2,115.1,230.2
1075,344,41,1,341.74,341.74
1076,344,17,2,27.68,55.36
1077,345,15,1,44.01,44.01
1078,345,64,4,38.36,153.44
1079,346,71,4,432.6,1730.4
1080,346,95,4,467.68,1870.72
1081,347,62,3,296.28,888.84
1082,348,122,3,449.97,1349.91
1083,348,142,3,221.01,663.03
1084,349,24,4,85.88,343.52
1085,349,73,1,401.29,401.29
1086,349,8,2,405.67,811.34
1087,350,57,2,482.36,964.72
1088,350,58,3,357.91,1073.73
1089,351,3,4,339.97,1359.88
1090,352,3,3,339.97,1019.91
1091,352,58,3,357.91,1073.73
1092,353,109,4,144.47,577.88
1093,353,97,3,337.49,1012.47
1094,353,90,2,426.41,852.82
1095,354,102,3,440.24,1320.72
1096,354,150,3,350.12,1050.36
1097,354,27,3,118.38,355.14
1098,354,2,1,115.49,115.49
1099,354,131,4,194.36,777.44
1100,355,84,3,146.2,438.6
1101,355,71,2,432.6,865.2
1102,355,67,2,363.06,726.12
1103,356,104,3,307.78,923.34
1104,357,128,3,369.6,1108.8
1105,358,100,2,41.26,82.52
1106,358,10,3,81.96,245.88
1107,358,150,2,350.12,700.24
1108,358,147,4,313.46,1253.84
1109,359,130,2,137.07,274.14
1110,359,77,3,224.35,673.05
1111,359,44,1,6.61,6.61
1112,360,144,1,131.09,131.09
1113,360,47,2,421.63,843.26
1114,360,86,3,484.51,1453.53
1115,361,108,3,372.5,1117.5
1116,361,85,3,81.62,244.86
1117,361,96,4,123.15,492.6
1118,362,150,1,350.12,350.12
1119,363,31,1,442.92,442.92
1120,363,98,2,161.51,323.02
1121,363,136,2,483.61,967.22
1122,363,77,2,224.35,448.7
1123,363,106,3,466.22,1398.66
1124,364,37,4,80.66,322.64
1125,364,81,3,110.8,332.4
1126,364,47,2,421.63,843.26
1127,364,21,3,85.51,256.53
1128,365,71,2,432.6,865.2
1129,365,54,4,489.1,1956.4
1130,365,44,1,6.61,6.61
1131,365,148,2,361.28,722.56
1132,366,104,1,307.78,307.78
1133,366,110,1,105.78,105.78
1134,366,123,2,335.13,670.26
1135,366,99,3,9.61,28.83
1136,367,136,1,483.61,483.61
1137,367,49,2,271.99,543.98
1138,367,5,2,51.38,102.76
1139,368,34,3,374.77,1124.31
1140,368,27,2,118.38,236.76
1141,368,99,1,9.61,9.61
1142,369,117,3,472.8,1418.4
1143,369,134,4,115.35,461.4
1144,369,135,2,202.24,404.48
1145,370,92,1,64.34,64.34
1146,370,49,2,271.99,543.98
1147,370,43,2,150.28,300.56
1148,370,104,2,307.78,615.56
1149,371,130,4,137.07,548.28
1150,371,44,3,6.61,19.83
1151,371,32,1,75.72,75.72
1152,371,94,1,212.52,212.52
1153,371,10,1,81.96,81.96
1154,372,30,4,110.25,441.0
1155,373,65,3,40.07,120.21
1156,373,122,4,449.97,1799.88
1157,373,40,1,485.68,485.68
1158,373,53,3,47.4,142.2
1159,373,3,2,339.97,679.94
1160,374,131,1,194.36,194.36
1161,375,128,2,369.6,739.2
1162,376,134,4,115.35,461.4
1163,376,52,3,123.53,370.59
1164,376,92,2,64.34,128.68
1165,377,124,2,487.05,974.1
1166,377,85,1,81.62,81.62
1167,378,147,4,313.46,1253.84
1168,379,20,3,229.44,688.32
1169,379,26,3,343.88,1031.64
1170,379,66,4,336.14,1344.56
1171,379,60,1,64.9,64.9
1172,379,117,1,472.8,472.8
1173,380,75,3,74.39,223.17
1174,381,30,2,110.25,220.5
1175,381,25,2,494.81,989.62
1176,381,12,3,182.69,548.07
1177,381,3,3,339.97,1019.91
1178,382,69,1,99.25,99.25
1179,382,24,4,85.88,343.52
1180,382,96,4,123.15,492.6
1181,382,88,4,294.17,1176.68
1182,382,47,3,421.63,1264.89
1183,383,108,1,372.5,372.5
1184,383,43,2,150.28,300.56
1185,383,29,1,457.0,457.0
1186,383,34,4,374.77,1499.08
1187,384,113,2,26.82,53.64
1188,384,47,4,421.63,1686.52
1189,384,98,4,161.51,646.04
1190,384,92,1,64.34,64.34
1191,384,8,4,405.67,1622.68
1192,385,81,2,110.8,221.6
1193,385,4,3,297.29,891.87
1194,385,135,1,202.24,202.24
1195,386,124,4,487.05,1948.2
1196,386,89,2,33.16,66.32
1197,387,14,4,270.43,1081.72
1198,387,3,2,339.97,679.94
1199,387,41,1,341.74,341.74
1200,387,130,4,137.07,548.28
1201,387,121,3,450.0,1350.0
1202,388,13,4,404.53,1618.12
1203,388,130,4,137.07,548.28
1204,388,58,2,357.91,715.82
1205,389,115,4,371.91,1487.64
1206,389,23,1,306.52,306.52
1207,389,128,1,369.6,369.6
1208,389,81,4,110.8,443.2
1209,389,31,4,442.92,1771.68
1210,390,24,3,85.88,257.64
1211,391,117,3,472.8,1418.4
1212,391,88,1,294.17,294.17
1213,392,85,4,81.62,326.48
1214,392,144,1,131.09,131.09
1215,392,122,1,449.97,449.97
1216,392,94,2,212.52,425.04
1217,393,141,1,176.12,176.12
1218,393,134,1,115.35,115.35
1219,393,96,2,123.15,246.3
1220,394,28,1,203.58,203.58
1221,394,66,4,336.14,1344.56
1222,394,51,2,60.37,120.74
1223,394,49,4,271.99,1087.96
1224,395,28,1,203.58,203.58
1225,395,107,4,135.91,543.64
1226,395,12,4,182.69,730.76
1227,396,35,4,184.19,736.76
1228,396,128,4,369.6,1478.4
1229,396,2,2,115.49,230.98
1230,396,136,2,483.61,967.22
1231,396,13,2,404.53,809.06
1232,397,83,3,136.28,408.84
1233,397,130,4,137.07,548.28
1234,397,99,3,9.61,28.83
1235,397,108,3,372.5,1117.5
1236,397,64,4,38.36,153.44
1237,398,132,2,115.1,230.2
1238,398,77,2,224.35,448.7
1239,398,141,2,176.12,352.24
1240,398,81,3,110.8,332.4
1241,399,46,3,256.3,768.9
1242,399,129,1,402.11,402.11
1243,400,150,3,350.12,1050.36
1244,400,147,4,313.46,1253.84
1245,400,107,1,135.91,135.91
1246,400,137,1,322.53,322.53
1247,401,15,2,44.01,88.02
1248,402,74,2,99.84,199.68
1249,402,65,1,40.07,40.07
1250,403,139,3,93.39,280.17
1251,403,9,4,350.58,1402.32
1252,404,58,3,357.91,1073.73
1253,404,144,1,131.09,131.09
1254,404,100,4,41.26,165.04
1255,404,61,4,172.35,689.4
1256,404,131,4,194.36,777.44
1257,405,142,3,221.01,663.03
1258,405,14,2,270.43,540.86
1259,405,4,4,297.29,1189.16
1260,406,140,3,23.94,71.82
1261,406,51,4,60.37,241.48
1262,406,50,2,301.48,602.96
1263,407,132,4,115.1,460.4
1264,407,31,1,442.92,442.92
1265,408,34,3,374.77,1124.31
1266,408,42,1,385.46,385.46
1267,408,150,3,350.12,1050.36
1268,409,11,3,55.59,166.77
1269,409,40,1,485.68,485.68
1270,410,78,1,30.04,30.04
1271,410,126,3,488.22,1464.66
1272,410,147,2,313.46,626.92
1273,410,141,2,176.12,352.24
1274,410,92,1,64.34,64.34
1275,411,140,3,23.94,71.82
1276,411,138,2,469.92,939.84
1277,411,104,2,307.78,615.56
1278,411,24,3,85.88,257.64
1279,412,136,1,483.61,483.61
1280,412,122,1,449.97,449.97
1281,413,63,3,355.38,1066.14
1282,413,11,4,55.59,222.36
1283,414,99,3,9.61,28.83
1284,415,133,3,178.08,534.24
1285,416,125,3,463.25,1389.75
1286,416,12,1,182.69,182.69
1287,416,76,1,234.0,234.0
1288,416,50,2,301.48,602.96
1289,417,137,4,322.53,1290.12
1290,417,2,1,115.49,115.49
1291,417,17,2,27.68,55.36
1292,417,54,4,489.1,1956.4
1293,417,55,1,68.55,68.55
1294,418,118,3,275.07,825.21
1295,419,46,3,256.3,768.9
1296,420,67,4,363.06,1452.24
1297,420,105,4,335.59,1342.36
1298,421,5,1,51.38,51.38
1299,421,100,1,41.26,41.26
1300,421,31,1,442.92,442.92
1301,422,129,3,402.11,1206.33
1302,422,28,1,203.58,203.58
1303,422,75,3,74.39,223.17
1304,423,102,2,440.24,880.48
1305,423,8,2,405.67,811.34
1306,423,122,4,449.97,1799.88
1307,423,41,3,341.74,1025.22
1308,424,96,2,123.15,246.3
1309,424,3,1,339.97,339.97
1310,424,142,1,221.01,221.01
1311,425,138,2,469.92,939.84
1312,425,141,3,176.12,528.36
1313,425,22,2,336.74,673.48
1314,425,79,4,484.65,1938.6
1315,426,37,2,80.66,161.32
1316,426,42,1,385.46,385.46
1317,426,48,2,80.66,161.32
1318,426,57,1,482.36,482.36
1319,426,65,4,40.07,160.28
1320,427,18,2,492.68,985.36
1321,427,65,4,40.07,160.28
1322,427,26,3,343.88,1031.64
1323,428,26,1,343.88,343.88
1324,428,73,2,401.29,802.58
1325,429,79,3,484.65,1453.95
1326,429,150,3,350.12,1050.36
1327,429,40,4,485.68,1942.72
1328,430,57,3,482.36,1447.08
1329,430,112,3,50.69,152.07
1330,431,123,3,335.13,1005.39
1331,431,119,3,293.34,880.02
1332,431,115,4,371.91,1487.64
1333,432,21,3,85.51,256.53
1334,432,72,1,35.0,35.0
1335,432,36,1,50.0,50.0
1336,432,138,1,469.92,469.92
1337,432,51,1,60.37,60.37
1338,433,55,4,68.55,274.2
1339,433,10,2,81.96,163.92
1340,433,142,3,221.01,663.03
1341,433,67,4,363.06,1452.24
1342,434,75,1,74.39,74.39
1343,434,35,4,184.19,736.76
1344,434,119,3,293.34,880.02
1345,434,129,1,402.11,402.11
1346,434,131,2,194.36,388.72
1347,435,43,2,150.28,300.56
1348,435,132,2,115.1,230.2
1349,435,36,4,50.0,200.0
1350,435,115,3,371.91,1115.73
1351,435,41,1,341.74,341.74
1352,436,17,3,27.68,83.04
1353,436,68,2,125.28,250.56
1354,437,93,1,291.56,291.56
1355,437,100,3,41.26,123.78
1356,437,121,1,450.0,450.0
1357,437,117,3,472.8,1418.4
1358,437,12,3,182.69,548.07
1359,438,97,1,337.49,337.49
1360,438,94,3,212.52,637.56
1361,439,133,3,178.08,534.24
1362,439,104,3,307.78,923.34
1363,440,2,2,115.49,230.98
1364,440,129,1,402.11,402.11
1365,440,36,3,50.0,150.0
1366,440,113,2,26.82,53.64
1367,440,43,2,150.28,300.56
1368,441,31,4,442.92,1771.68
1369,441,59,4,221.86,887.44
1370,441,107,4,135.91,543.64
1371,441,85,2,81.62,163.24
1372,441,30,2,110.25,220.5
1373,442,63,1,355.38,355.38
1374,443,35,1,184.19,184.19
1375,443,132,2,115.1,230.2
1376,444,133,1,178.08,178.08
1377,444,104,3,307.78,923.34
1378,445,121,4,450.0,1800.0
1379,445,124,2,487.05,974.1
1380,445,44,2,6.61,13.22
1381,445,57,3,482.36,1447.08
1382,446,117,4,472.8,1891.2
1383,446,18,4,492.68,1970.72
1384,446,59,2,221.86,443.72
1385,447,130,4,137.07,548.28
1386,447,108,1,372.5,372.5
1387,447,39,1,299.96,299.96
1388,447,25,1,494.81,494.81
1389,447,46,4,256.3,1025.2
1390,448,139,3,93.39,280.17
1391,448,1,1,17.38,17.38
1392,448,111,4,255.18,1020.72
1393,448,134,2,115.35,230.7
1394,448,108,4,372.5,1490.0
1395,449,148,2,361.28,722.56
1396,449,26,3,343.88,1031.64
1397,449,109,4,144.47,577.88
1398,450,73,4,401.29,1605.16
1399,451,148,1,361.28,361.28
1400,452,81,3,110.8,332.4
1401,452,105,1,335.59,335.59
1402,453,65,3,40.07,120.21
1403,453,67,3,363.06,1089.18
1404,453,138,4,469.92,1879.68
1405,453,109,2,144.47,288.94
1406,453,145,4,5.84,23.36
1407,454,46,4,256.3,1025.2
1408,454,95,3,467.68,1403.04
1409,454,144,3,131.09,393.27
1410,454,143,3,195.67,587.01
1411,455,31,4,442.92,1771.68
1412,455,59,2,221.86,443.72
1413,456,87,4,375.25,1501.0
1414,456,141,1,176.12,176.12
1415,456,14,1,270.43,270.43
1416,456,42,2,385.46,770.92
1417,457,23,3,306.52,919.56
1418,457,17,1,27.68,27.68
1419,457,68,1,125.28,125.28
1420,457,57,4,482.36,1929.44
1421,458,134,4,115.35,461.4
1422,458,74,1,99.84,99.84
1423,458,15,2,44.01,88.02
1424,458,45,3,486.08,1458.24
1425,458,127,2,441.3,882.6
1426,459,133,2,178.08,356.16
1427,459,60,1,64.9,64.9
1428,459,44,2,6.61,13.22
1429,459,10,1,81.96,81.96
1430,459,93,3,291.56,874.68
1431,460,104,1,307.78,307.78
1432,460,52,1,123.53,123.53
1433,460,133,3,178.08,534.24
1434,460,4,3,297.29,891.87
1435,461,58,4,357.91,1431.64
1436,461,50,1,301.48,301.48
1437,461,117,3,472.8,1418.4
1438,462,144,1,131.09,131.09
1439,463,132,3,115.1,345.3
1440,464,65,2,40.07,80.14
1441,464,114,3,320.37,961.11
1442,464,97,4,337.49,1349.96
1443,464,145,4,5.84,23.36
1444,464,124,1,487.05,487.05
1445,465,98,2,161.51,323.02
1446,466,106,1,466.22,466.22
1447,466,91,3,339.23,1017.69
1448,466,133,2,178.08,356.16
1449,467,20,4,229.44,917.76
1450,467,142,3,221.01,663.03
1451,467,46,3,256.3,768.9
1452,468,47,2,421.63,843.26
1453,468,49,2,271.99,543.98
1454,468,128,2,369.6,739.2
1455,469,52,3,123.53,370.59
1456,469,64,2,38.36,76.72
1457,470,127,1,441.3,441.3
1458,471,124,3,487.05,1461.15
1459,472,71,4,432.6,1730.4
1460,472,126,2,488.22,976.44
1461,472,47,2,421.63,843.26
1462,472,131,1,194.36,194.36
1463,472,72,4,35.0,140.0
1464,473,129,3,402.11,1206.33
1465,474,118,4,275.07,1100.28
1466,474,31,3,442.92,1328.76
1467,475,98,1,161.51,161.51
1468,475,149,3,335.11,1005.33
1469,476,48,2,80.66,161.32
1470,476,141,3,176.12,528.36
1471,476,68,4,125.28,501.12
1472,477,48,2,80.66,161.32
1473,477,128,4,369.6,1478.4
1474,477,109,3,144.47,433.41
1475,478,116,2,282.65,565.3
1476,478,47,2,421.63,843.26
1477,478,147,1,313.46,313.46
1478,479,143,4,195.67,782.68
1479,479,111,2,255.18,510.36
1480,480,122,2,449.97,899.94
1481,480,3,4,339.97,1359.88
1482,481,137,1,322.53,322.53
1483,481,81,4,110.8,443.2
1484,481,125,1,463.25,463.25
1485,481,77,2,224.35,448.7
1486,481,65,1,40.07,40.07
1487,482,25,3,494.81,1484.43
1488,482,116,3,282.65,847.95
1489,482,86,3,484.51,1453.53
1490,482,67,3,363.06,1089.18
1491,483,51,2,60.37,120.74
1492,483,148,3,361.28,1083.84
1493,483,138,3,469.92,1409.76
1494,484,115,4,371.91,1487.64
1495,484,21,2,85.51,171.02
1496,484,98,2,161.51,323.02
1497,484,74,3,99.84,299.52
1498,485,104,2,307.78,615.56
1499,485,19,3,433.91,1301.73
1500,485,21,3,85.51,256.53
1501,485,42,3,385.46,1156.38
1502,485,88,3,294.17,882.51
1503,486,114,4,320.37,1281.48
1504,486,93,4,291.56,1166.24
1505,486,134,2,115.35,230.7
1506,487,61,1,172.35,172.35
1507,487,65,2,40.07,80.14
1508,488,17,4,27.68,110.72
1509,489,135,2,202.24,404.48
1510,489,22,1,336.74,336.74
1511,489,27,4,118.38,473.52
1512,489,68,3,125.28,375.84
1513,490,114,2,320.37,640.74
1514,490,33,1,373.77,373.77
1515,490,34,1,374.77,374.77
1516,491,122,3,449.97,1349.91
1517,491,120,4,68.09,272.36
1518,491,139,2,93.39,186.78
1519,492,46,3,256.3,768.9
1520,492,117,3,472.8,1418.4
1521,492,145,4,5.84,23.36
1522,492,112,2,50.69,101.38
1523,492,135,1,202.24,202.24
1524,493,67,1,363.06,363.06
1525,493,40,2,485.68,971.36
1526,493,78,3,30.04,90.12
1527,493,3,3,339.97,1019.91
1528,494,123,3,335.13,1005.39
1529,494,77,2,224.35,448.7
1530,494,3,1,339.97,339.97
1531,494,111,3,255.18,765.54
1532,495,112,4,50.69,202.76
1533,495,102,2,440.24,880.48
1534,495,64,3,38.36,115.08
1535,495,42,1,385.46,385.46
1536,495,100,4,41.26,165.04
1537,496,70,2,180.38,360.76
1538,496,73,1,401.29,401.29
1539,496,137,2,322.53,645.06
1540,496,69,2,99.25,198.5
1541,496,106,3,466.22,1398.66
1542,497,116,1,282.65,282.65
1543,497,70,2,180.38,360.76
1544,497,126,1,488.22,488.22
1545,497,49,1,271.99,271.99
1546,497,83,2,136.28,272.56
1547,498,33,2,373.77,747.54
1548,498,113,1,26.82,26.82
1549,498,3,2,339.97,679.94
1550,499,108,3,372.5,1117.5
1551,499,80,4,87.32,349.28
1552,499,128,1,369.6,369.6
1553,500,15,4,44.01,176.04
1554,500,69,1,99.25,99.25
1555,501,65,1,40.07,40.07
1556,501,98,1,161.51,161.51
1557,502,99,2,9.61,19.22
1558,502,114,1,320.37,320.37
1559,503,134,2,115.35,230.7
1560,504,83,1,136.28,136.28
1561,504,41,3,341.74,1025.22
1562,504,11,4,55.59,222.36
1563,505,14,2,270.43,540.86
1564,505,56,4,136.2,544.8
1565,505,29,3,457.0,1371.0
1566,506,150,2,350.12,700.24
1567,506,31,1,442.92,442.92
1568,506,102,1,440.24,440.24
1569,507,40,2,485.68,971.36
1570,507,96,4,123.15,492.6
1571,507,23,1,306.52,306.52
1572,507,64,3,38.36,115.08
1573,508,16,3,290.79,872.37
1574,509,28,3,203.58,610.74
1575,509,33,4,373.77,1495.08
1576,509,125,2,463.25,926.5
1577,509,60,1,64.9,64.9
1578,509,82,4,86.5,346.0
1579,510,11,3,55.59,166.77
1580,510,125,4,463.25,1853.0
1581,510,113,2,26.82,53.64
1582,511,83,2,136.28,272.56
1583,511,120,1,68.09,68.09
1584,511,71,2,432.6,865.2
1585,512,139,1,93.39,93.39
1586,512,94,4,212.52,850.08
1587,512,117,2,472.8,945.6
1588,513,62,4,296.28,1185.12
1589,513,83,2,136.28,272.56
1590,513,17,4,27.68,110.72
1591,514,73,1,401.29,401.29
1592,514,83,1,136.28,136.28
1593,514,105,2,335.59,671.18
1594,514,29,2,457.0,914.0
1595,514,25,1,494.81,494.81
1596,515,26,4,343.88,1375.52
1597,515,9,4,350.58,1402.32
1598,516,66,1,336.14,336.14
1599,516,13,2,404.53,809.06
1600,516,94,4,212.52,850.08
1601,516,57,1,482.36,482.36
1602,516,19,4,433.91,1735.64
1603,517,143,1,195.67,195.67
1604,517,107,3,135.91,407.73
1605,517,95,1,467.68,467.68
1606,518,20,1,229.44,229.44
1607,518,56,1,136.2,136.2
1608,518,133,2,178.08,356.16
1609,519,135,2,202.24,404.48
1610,519,64,4,38.36,153.44
1611,520,92,2,64.34,128.68
1612,520,118,4,275.07,1100.28
1613,520,110,3,105.78,317.34
1614,520,27,2,118.38,236.76
1615,520,43,4,150.28,601.12
1616,521,141,4,176.12,704.48
1617,521,84,4,146.2,584.8
1618,521,96,3,123.15,369.45
1619,522,55,4,68.55,274.2
1620,522,97,4,337.49,1349.96
1621,522,141,4,176.12,704.48
1622,522,66,1,336.14,336.14
1623,522,93,1,291.56,291.56
1624,523,35,2,184.19,368.38
1625,523,78,3,30.04,90.12
1626,523,2,1,115.49,115.49
1627,523,77,3,224.35,673.05
1628,523,57,2,482.36,964.72
1629,524,40,3,485.68,1457.04
1630,524,36,2,50.0,100.0
1631,524,68,2,125.28,250.56
1632,525,147,4,313.46,1253.84
1633,526,84,4,146.2,584.8
1634,527,25,1,494.81,494.81
1635,527,77,1,224.35,224.35
1636,527,10,3,81.96,245.88
1637,527,148,3,361.28,1083.84
1638,527,98,4,161.51,646.04
1639,528,59,1,221.86,221.86
1640,529,14,3,270.43,811.29
1641,529,79,2,484.65,969.3
1642,529,135,3,202.24,606.72
1643,529,11,2,55.59,111.18
1644,530,115,2,371.91,743.82
1645,530,148,4,361.28,1445.12
1646,530,130,3,137.07,411.21
1647,530,24,4,85.88,343.52
1648,531,122,1,449.97,449.97
1649,532,103,4,83.08,332.32
1650,533,124,2,487.05,974.1
1651,533,144,4,131.09,524.36
1652,534,144,2,131.09,262.18
1653,534,135,2,202.24,404.48
1654,535,83,4,136.28,545.12
1655,535,148,4,361.28,1445.12
1656,535,23,3,306.52,919.56
1657,535,29,3,457.0,1371.0
1658,536,7,2,114.12,228.24
1659,536,79,4,484.65,1938.6
1660,536,44,1,6.61,6.61
1661,536,90,2,426.41,852.82
1662,536,114,2,320.37,640.74
1663,537,29,1,457.0,457.0
1664,538,74,3,99.84,299.52
1665,538,4,1,297.29,297.29
1666,539,85,2,81.62,163.24
1667,540,140,3,23.94,71.82
1668,540,134,4,115.35,461.4
1669,541,5,1,51.38,51.38
1670,541,97,3,337.49,1012.47
1671,542,70,4,180.38,721.52
1672,542,14,1,270.43,270.43
1673,543,93,3,291.56,874.68
1674,543,28,4,203.58,814.32
1675,543,5,2,51.38,102.76
1676,544,81,4,110.8,443.2
1677,545,48,2,80.66,161.32
1678,546,6,3,282.82,848.46
1679,546,11,4,55.59,222.36
1680,546,64,4,38.36,153.44
1681,546,136,2,483.61,967.22
1682,546,79,1,484.65,484.65
1683,547,78,3,30.04,90.12
1684,547,61,1,172.35,172.35
1685,547,129,3,402.11,1206.33
1686,548,143,3,195.67,587.01
1687,549,36,2,50.0,100.0
1688,549,23,4,306.52,1226.08
1689,549,98,2,161.51,323.02
1690,549,134,2,115.35,230.7
1691,550,85,2,81.62,163.24
1692,550,115,2,371.91,743.82
1693,550,139,2,93.39,186.78
1694,550,34,3,374.77,1124.31
1695,550,53,2,47.4,94.8
1696,551,145,3,5.84,17.52
1697,551,41,1,341.74,341.74
1698,552,48,3,80.66,241.98
1699,553,82,4,86.5,346.0
1700,554,71,2,432.6,865.2
1701,554,39,2,299.96,599.92
1702,554,49,1,271.99,271.99
1703,554,28,3,203.58,610.74
1704,555,60,3,64.9,194.7
1705,555,7,1,114.12,114.12
1706,556,129,3,402.11,1206.33
1707,556,121,2,450.0,900.0
1708,557,36,1,50.0,50.0
1709,557,42,4,385.46,1541.84
1710,557,50,1,301.48,301.48
1711,557,58,3,357.91,1073.73
1712,558,53,2,47.4,94.8
1713,558,17,4,27.68,110.72
1714,559,118,4,275.07,1100.28
1715,559,64,1,38.36,38.36
1716,559,110,4,105.78,423.12
1717,560,147,1,313.46,313.46
1718,560,138,4,469.92,1879.68
1719,560,135,4,202.24,808.96
1720,560,10,1,81.96,81.96
1721,560,134,2,115.35,230.7
1722,561,143,4,195.67,782.68
1723,562,49,3,271.99,815.97
1724,563,74,4,99.84,399.36
1725,563,119,3,293.34,880.02
1726,563,43,1,150.28,150.28
1727,564,119,1,293.34,293.34
1728,564,116,1,282.65,282.65
1729,565,35,1,184.19,184.19
1730,565,101,2,70.57,141.14
1731,565,106,4,466.22,1864.88
1732,565,83,2,136.28,272.56
1733,565,116,4,282.65,1130.6
1734,566,32,1,75.72,75.72
1735,566,24,4,85.88,343.52
1736,567,99,4,9.61,38.44
1737,567,131,1,194.36,194.36
1738,567,41,2,341.74,683.48
1739,567,97,3,337.49,1012.47
1740,567,141,2,176.12,352.24
1741,568,14,3,270.43,811.29
1742,568,108,3,372.5,1117.5
1743,569,74,2,99.84,199.68
1744,569,47,1,421.63,421.63
1745,569,31,3,442.92,1328.76
1746,569,34,1,374.77,374.77
1747,570,140,2,23.94,47.88
1748,570,2,4,115.49,461.96
1749,570,127,4,441.3,1765.2
1750,570,61,4,172.35,689.4
1751,571,2,2,115.49,230.98
1752,571,63,1,355.38,355.38
1753,571,141,2,176.12,352.24
1754,571,72,2,35.0,70.0
1755,571,143,1,195.67,195.67
1756,572,9,3,350.58,1051.74
1757,572,148,3,361.28,1083.84
1758,573,107,2,135.91,271.82
1759,574,147,3,313.46,940.38
1760,574,144,1,131.09,131.09
1761,574,46,1,256.3,256.3
1762,574,117,3,472.8,1418.4
1763,574,149,3,335.11,1005.33
1764,575,110,1,105.78,105.78
1765,576,71,3,432.6,1297.8
1766,577,54,1,489.1,489.1
1767,577,15,1,44.01,44.01
1768,578,74,3,99.84,299.52
1769,578,110,2,105.78,211.56
1770,578,82,4,86.5,346.0
1771,578,67,4,363.06,1452.24
1772,578,135,4,202.24,808.96
1773,579,60,1,64.9,64.9
1774,579,75,4,74.39,297.56
1775,579,50,1,301.48,301.48
1776,579,1,2,17.38,34.76
1777,579,31,4,442.92,1771.68
1778,580,144,2,131.09,262.18
1779,580,55,3,68.55,205.65
1780,580,3,3,339.97,1019.91
1781,581,130,1,137.07,137.07
1782,581,141,1,176.12,176.12
1783,581,83,3,136.28,408.84
1784,582,8,4,405.67,1622.68
1785,582,45,4,486.08,1944.32
1786,582,50,1,301.48,301.48
1787,582,85,2,81.62,163.24
1788,582,87,4,375.25,1501.0
1789,583,86,3,484.51,1453.53
1790,583,119,3,293.34,880.02
1791,583,106,1,466.22,466.22
1792,583,15,2,44.01,88.02
1793,583,134,3,115.35,346.05
1794,584,17,1,27.68,27.68
1795,584,39,3,299.96,899.88
1796,584,72,4,35.0,140.0
1797,585,147,2,313.46,626.92
1798,585,100,1,41.26,41.26
1799,586,81,4,110.8,443.2
1800,586,9,1,350.58,350.58
1801,586,70,4,180.38,721.52
1802,587,78,1,30.04,30.04
1803,587,56,3,136.2,408.6
1804,587,135,1,202.24,202.24
1805,587,45,2,486.08,972.16
1806,588,7,3,114.12,342.36
1807,588,124,4,487.05,1948.2
1808,588,129,3,402.11,1206.33
1809,588,40,3,485.68,1457.04
1810,588,49,2,271.99,543.98
1811,589,34,1,374.77,374.77
1812,589,53,1,47.4,47.4
1813,589,10,3,81.96,245.88
1814,589,118,1,275.07,275.07
1815,589,100,1,41.26,41.26
1816,590,27,3,118.38,355.14
1817,591,54,2,489.1,978.2
1818,591,83,3,136.28,408.84
1819,591,52,3,123.53,370.59
1820,592,31,3,442.92,1328.76
1821,592,70,1,180.38,180.38
1822,592,39,1,299.96,299.96
1823,592,41,1,341.74,341.74
1824,593,82,2,86.5,173.0
1825,593,70,2,180.38,360.76
1826,593,37,1,80.66,80.66
1827,593,73,3,401.29,1203.87
1828,593,147,3,313.46,940.38
1829,594,8,1,405.67,405.67
1830,594,121,1,450.0,450.0
1831,595,101,3,70.57,211.71
1832,595,46,3,256.3,768.9
1833,595,115,2,371.91,743.82
1834,595,92,1,64.34,64.34
1835,596,146,1,185.29,185.29
1836,596,34,4,374.77,1499.08
1837,596,24,3,85.88,257.64
1838,596,120,4,68.09,272.36
1839,597,37,3,80.66,241.98
1840,597,67,4,363.06,1452.24
1841,598,84,1,146.2,146.2
1842,598,117,1,472.8,472.8
1843,598,125,4,463.25,1853.0
1844,599,44,2,6.61,13.22
1845,599,73,1,401.29,401.29
1846,599,90,4,426.41,1705.64
1847,599,148,1,361.28,361.28
1848,600,78,4,30.04,120.16
1849,601,63,2,355.38,710.76
1850,601,141,4,176.12,704.48
1851,602,111,3,255.18,765.54
1852,602,112,2,50.69,101.38
1853,603,147,4,313.46,1253.84
1854,604,84,2,146.2,292.4
1855,604,143,3,195.67,587.01
1856,604,25,4,494.81,1979.24
1857,604,114,1,320.37,320.37
1858,605,98,2,161.51,323.02
1859,605,84,2,146.2,292.4
1860,605,127,1,441.3,441.3
1861,605,16,2,290.79,581.58
1862,605,24,2,85.88,171.76
1863,606,148,3,361.28,1083.84
1864,606,115,3,371.91,1115.73
1865,606,51,3,60.37,181.11
1866,606,53,4,47.4,189.6
1867,607,23,4,306.52,1226.08
1868,607,150,2,350.12,700.24
1869,607,3,3,339.97,1019.91
1870,608,14,3,270.43,811.29
1871,608,1,1,17.38,17.38
1872,608,144,2,131.09,262.18
1873,608,92,4,64.34,257.36
1874,608,29,4,457.0,1828.0
1875,609,104,2,307.78,615.56
1876,609,98,2,161.51,323.02
1877,609,112,4,50.69,202.76
1878,609,140,2,23.94,47.88
1879,610,107,2,135.91,271.82
1880,610,40,2,485.68,971.36
1881,610,74,1,99.84,99.84
1882,611,125,2,463.25,926.5
1883,611,112,1,50.69,50.69
1884,612,117,4,472.8,1891.2
1885,612,109,4,144.47,577.88
1886,612,47,4,421.63,1686.52
1887,612,131,3,194.36,583.08
1888,613,2,3,115.49,346.47
1889,613,148,4,361.28,1445.12
1890,613,128,3,369.6,1108.8
1891,613,61,1,172.35,172.35
1892,613,129,1,402.11,402.11
1893,614,29,1,457.0,457.0
1894,614,149,2,335.11,670.22
1895,614,124,3,487.05,1461.15
1896,615,23,3,306.52,919.56
1897,615,63,1,355.38,355.38
1898,615,121,3,450.0,1350.0
1899,615,20,1,229.44,229.44
1900,615,139,4,93.39,373.56
1901,616,147,3,313.46,940.38
1902,616,85,3,81.62,244.86
1903,616,108,2,372.5,745.0
1904,616,91,1,339.23,339.23
1905,617,145,4,5.84,23.36
1906,617,67,2,363.06,726.12
1907,617,16,1,290.79,290.79
1908,618,7,1,114.12,114.12
1909,618,74,3,99.84,299.52
1910,618,125,3,463.25,1389.75
1911,618,22,2,336.74,673.48
1912,618,33,3,373.77,1121.31
1913,619,29,2,457.0,914.0
1914,620,115,2,371.91,743.82
1915,620,95,3,467.68,1403.04
1916,621,47,1,421.63,421.63
1917,621,136,2,483.61,967.22
1918,621,9,2,350.58,701.16
1919,621,88,4,294.17,1176.68
1920,622,61,3,172.35,517.05
1921,622,113,1,26.82,26.82
1922,622,43,3,150.28,450.84
1923,622,54,1,489.1,489.1
1924,623,122,4,449.97,1799.88
1925,623,78,4,30.04,120.16
1926,623,137,4,322.53,1290.12
1927,623,60,3,64.9,194.7
1928,624,4,3,297.29,891.87
1929,624,74,1,99.84,99.84
1930,624,115,1,371.91,371.91
1931,624,98,3,161.51,484.53
1932,625,70,4,180.38,721.52
1933,625,86,4,484.51,1938.04
1934,625,69,2,99.25,198.5
1935,625,26,2,343.88,687.76
1936,625,66,3,336.14,1008.42
1937,626,81,1,110.8,110.8
1938,626,141,1,176.12,176.12
1939,627,26,3,343.88,1031.64
1940,627,135,2,202.24,404.48
1941,627,27,3,118.38,355.14
1942,627,115,3,371.91,1115.73
1943,628,24,1,85.88,85.88
1944,628,15,2,44.01,88.02
1945,628,56,4,136.2,544.8
1946,628,32,2,75.72,151.44
1947,628,31,1,442.92,442.92
1948,629,120,3,68.09,204.27
1949,629,20,4,229.44,917.76
1950,629,117,3,472.8,1418.4
1951,630,71,1,432.6,432.6
1952,631,67,3,363.06,1089.18
1953,632,52,1,123.53,123.53
1954,632,101,2,70.57,141.14
1955,632,46,4,256.3,1025.2
1956,632,126,2,488.22,976.44
1957,633,67,1,363.06,363.06
1958,633,27,3,118.38,355.14
1959,633,9,4,350.58,1402.32
1960,633,19,1,433.91,433.91
1961,634,10,4,81.96,327.84
1962,635,101,4,70.57,282.28
1963,635,148,4,361.28,1445.12
1964,635,1,4,17.38,69.52
1965,636,139,2,93.39,186.78
1966,637,32,3,75.72,227.16
1967,637,146,3,185.29,555.87
1968,637,138,4,469.92,1879.68
1969,637,92,1,64.34,64.34
1970,638,94,3,212.52,637.56
1971,639,52,1,123.53,123.53
1972,639,46,4,256.3,1025.2
1973,639,142,2,221.01,442.02
1974,640,92,4,64.34,257.36
1975,641,49,1,271.99,271.99
1976,641,36,2,50.0,100.0
1977,641,10,4,81.96,327.84
1978,641,50,4,301.48,1205.92
1979,642,128,1,369.6,369.6
1980,642,137,1,322.53,322.53
1981,642,116,3,282.65,847.95
1982,643,104,1,307.78,307.78
1983,644,118,1,275.07,275.07
1984,644,138,1,469.92,469.92
1985,644,39,2,299.96,599.92
1986,644,149,4,335.11,1340.44
1987,644,60,1,64.9,64.9
1988,645,12,1,182.69,182.69
1989,645,63,3,355.38,1066.14
1990,645,34,1,374.77,374.77
1991,645,4,4,297.29,1189.16
1992,645,45,2,486.08,972.16
1993,646,30,4,110.25,441.0
1994,647,17,4,27.68,110.72
1995,647,52,3,123.53,370.59
1996,648,84,2,146.2,292.4
1997,648,31,3,442.92,1328.76
1998,648,148,2,361.28,722.56
1999,648,140,1,23.94,23.94
2000,649,31,3,442.92,1328.76
2001,650,95,2,467.68,935.36
2002,650,142,4,221.01,884.04
2003,651,35,1,184.19,184.19
2004,652,97,1,337.49,337.49
2005,652,41,1,341.74,341.74
2006,652,5,2,51.38,102.76
2007,652,125,1,463.25,463.25
2008,652,21,3,85.51,256.53
2009,653,33,4,373.77,1495.08
2010,653,53,4,47.4,189.6
2011,653,37,2,80.66,161.32
2012,653,70,2,180.38,360.76
2013,654,47,4,421.63,1686.52
2014,654,128,1,369.6,369.6
2015,654,23,2,306.52,613.04
2016,654,78,2,30.04,60.08
2017,654,90,1,426.41,426.41
2018,655,93,2,291.56,583.12
2019,655,139,3,93.39,280.17
2020,655,130,1,137.07,137.07
2021,655,57,2,482.36,964.72
2022,655,119,1,293.34,293.34
2023,656,128,1,369.6,369.6
2024,656,46,3,256.3,768.9
2025,656,41,3,341.74,1025.22
2026,656,12,2,182.69,365.38
2027,657,117,2,472.8,945.6
2028,657,12,2,182.69,365.38
2029,657,27,1,118.38,118.38
2030,657,14,4,270.43,1081.72
2031,657,138,1,469.92,469.92
2032,658,149,3,335.11,1005.33
2033,658,84,2,146.2,292.4
2034,658,108,1,372.5,372.5
2035,658,51,3,60.37,181.11
2036,659,52,4,123.53,494.12
2037,659,97,4,337.49,1349.96
2038,659,57,1,482.36,482.36
2039,659,19,4,433.91,1735.64
2040,660,117,4,472.8,1891.2
2041,660,46,2,256.3,512.6
2042,660,100,3,41.26,123.78
2043,660,96,3,123.15,369.45
2044,660,35,2,184.19,368.38
2045,661,16,4,290.79,1163.16
2046,661,72,4,35.0,140.0
2047,661,35,2,184.19,368.38
2048,661,29,3,457.0,1371.0
2049,661,120,2,68.09,136.18
2050,662,44,2,6.61,13.22
2051,662,148,1,361.28,361.28
2052,663,56,1,136.2,136.2
2053,663,122,4,449.97,1799.88
2054,663,119,2,293.34,586.68
2055,663,72,2,35.0,70.0
2056,664,39,1,299.96,299.96
2057,664,147,4,313.46,1253.84
2058,665,130,4,137.07,548.28
2059,665,9,4,350.58,1402.32
2060,665,109,1,144.47,144.47
2061,665,136,4,483.61,1934.44
2062,666,4,3,297.29,891.87
2063,666,105,2,335.59,671.18
2064,666,56,1,136.2,136.2
2065,666,34,1,374.77,374.77
2066,666,92,4,64.34,257.36
2067,667,147,4,313.46,1253.84
2068,667,150,2,350.12,700.24
2069,667,7,4,114.12,456.48
2070,667,117,2,472.8,945.6
2071,668,1,1,17.38,17.38
2072,668,19,3,433.91,1301.73
2073,668,99,4,9.61,38.44
2074,668,86,3,484.51,1453.53
2075,669,148,3,361.28,1083.84
2076,669,54,1,489.1,489.1
2077,669,21,1,85.51,85.51
2078,669,86,4,484.51,1938.04
2079,669,15,3,44.01,132.03
2080,670,94,1,212.52,212.52
2081,670,45,2,486.08,972.16
2082,670,144,2,131.09,262.18
2083,671,123,2,335.13,670.26
2084,672,83,3,136.28,408.84
2085,672,91,4,339.23,1356.92
2086,673,89,1,33.16,33.16
2087,673,116,4,282.65,1130.6
2088,673,125,3,463.25,1389.75
2089,674,49,4,271.99,1087.96
2090,675,74,1,99.84,99.84
2091,675,20,2,229.44,458.88
2092,676,128,2,369.6,739.2
2093,676,39,1,299.96,299.96
2094,677,34,1,374.77,374.77
2095,677,122,3,449.97,1349.91
2096,677,89,2,33.16,66.32
2097,677,108,1,372.5,372.5
2098,677,114,1,320.37,320.37
2099,678,86,4,484.51,1938.04
2100,678,106,4,466.22,1864.88
2101,678,149,4,335.11,1340.44
2102,678,88,3,294.17,882.51
2103,678,84,2,146.2,292.4
2104,679,67,4,363.06,1452.24
2105,679,59,3,221.86,665.58
2106,680,38,3,300.22,900.66
2107,681,42,3,385.46,1156.38
2108,681,138,2,469.92,939.84
2109,682,42,1,385.46,385.46
2110,682,61,1,172.35,172.35
2111,683,67,1,363.06,363.06
2112,683,95,3,467.68,1403.04
2113,683,48,3,80.66,241.98
2114,683,53,2,47.4,94.8
2115,684,137,1,322.53,322.53
2116,684,78,1,30.04,30.04
2117,685,118,2,275.07,550.14
2118,685,82,1,86.5,86.5
2119,686,85,2,81.62,163.24
2120,686,76,4,234.0,936.0
2121,686,122,3,449.97,1349.91
2122,686,75,1,74.39,74.39
2123,686,147,4,313.46,1253.84
2124,687,30,4,110.25,441.0
2125,687,79,3,484.65,1453.95
2126,687,7,1,114.12,114.12
2127,687,103,3,83.08,249.24
2128,687,57,1,482.36,482.36
2129,688,135,1,202.24,202.24
2130,688,57,4,482.36,1929.44
2131,688,72,1,35.0,35.0
2132,688,51,4,60.37,241.48
2133,688,6,2,282.82,565.64
2134,689,131,4,194.36,777.44
2135,689,15,3,44.01,132.03
2136,689,93,4,291.56,1166.24
2137,689,102,3,440.24,1320.72
2138,689,38,1,300.22,300.22
2139,690,115,2,371.91,743.82
2140,690,144,4,131.09,524.36
2141,690,23,4,306.52,1226.08
2142,691,109,2,144.47,288.94
2143,691,107,1,135.91,135.91
2144,692,135,1,202.24,202.24
2145,692,86,1,484.51,484.51
2146,692,17,4,27.68,110.72
2147,692,97,3,337.49,1012.47
2148,693,146,4,185.29,741.16
2149,693,36,3,50.0,150.0
2150,693,52,4,123.53,494.12
2151,693,48,1,80.66,80.66
2152,694,78,1,30.04,30.04
2153,694,127,1,441.3,441.3
2154,694,144,2,131.09,262.18
2155,694,119,3,293.34,880.02
2156,694,58,3,357.91,1073.73
2157,695,32,4,75.72,302.88
2158,695,74,2,99.84,199.68
2159,695,107,1,135.91,135.91
2160,695,46,1,256.3,256.3
2161,696,93,4,291.56,1166.24
2162,697,122,1,449.97,449.97
2163,697,31,3,442.92,1328.76
2164,697,96,2,123.15,246.3
2165,698,119,2,293.34,586.68
2166,698,35,1,184.19,184.19
2167,698,92,3,64.34,193.02
2168,699,13,1,404.53,404.53
2169,699,75,2,74.39,148.78
2170,699,136,2,483.61,967.22
2171,700,140,3,23.94,71.82
2172,700,83,3,136.28,408.84
2173,701,25,3,494.81,1484.43
2174,701,137,2,322.53,645.06
2175,701,149,1,335.11,335.11
2176,702,125,2,463.25,926.5
2177,702,106,1,466.22,466.22
2178,702,88,2,294.17,588.34
2179,703,144,1,131.09,131.09
2180,703,135,4,202.24,808.96
2181,704,34,1,374.77,374.77
2182,705,36,3,50.0,150.0
2183,705,114,2,320.37,640.74
2184,705,134,3,115.35,346.05
2185,706,57,2,482.36,964.72
2186,707,79,2,484.65,969.3
2187,707,33,2,373.77,747.54
2188,708,20,1,229.44,229.44
2189,709,11,1,55.59,55.59
2190,709,51,4,60.37,241.48
2191,709,28,1,203.58,203.58
2192,709,9,3,350.58,1051.74
2193,710,25,1,494.81,494.81
2194,711,52,2,123.53,247.06
2195,711,48,3,80.66,241.98
2196,711,90,3,426.41,1279.23
2197,711,8,3,405.67,1217.01
2198,711,24,2,85.88,171.76
2199,712,62,1,296.28,296.28
2200,712,130,2,137.07,274.14
2201,712,146,2,185.29,370.58
2202,712,18,3,492.68,1478.04
2203,712,26,2,343.88,687.76
2204,713,26,2,343.88,687.76
2205,714,94,2,212.52,425.04
2206,714,48,3,80.66,241.98
2207,714,113,4,26.82,107.28
2208,714,28,4,203.58,814.32
2209,715,29,1,457.0,457.0
2210,715,81,2,110.8,221.6
2211,715,32,4,75.72,302.88
2212,715,120,3,68.09,204.27
2213,716,22,3,336.74,1010.22
2214,717,117,2,472.8,945.6
2215,717,80,4,87.32,349.28
2216,717,114,3,320.37,961.11
2217,718,122,3,449.97,1349.91
2218,719,27,1,118.38,118.38
2219,719,102,1,440.24,440.24
2220,719,113,2,26.82,53.64
2221,719,134,4,115.35,461.4
2222,720,44,1,6.61,6.61
2223,721,52,2,123.53,247.06
2224,721,104,4,307.78,1231.12
2225,721,32,4,75.72,302.88
2226,722,70,4,180.38,721.52
2227,722,103,3,83.08,249.24
2228,722,92,2,64.34,128.68
2229,722,122,4,449.97,1799.88
2230,722,104,1,307.78,307.78
2231,723,60,1,64.9,64.9
2232,723,35,1,184.19,184.19
2233,723,8,4,405.67,1622.68
2234,723,26,1,343.88,343.88
2235,724,84,4,146.2,584.8
2236,724,40,4,485.68,1942.72
2237,724,78,2,30.04,60.08
2238,724,25,3,494.81,1484.43
2239,724,20,4,229.44,917.76
2240,725,88,4,294.17,1176.68
2241,725,139,1,93.39,93.39
2242,725,140,4,23.94,95.76
2243,725,5,4,51.38,205.52
2244,725,9,3,350.58,1051.74
2245,726,10,3,81.96,245.88
2246,726,9,2,350.58,701.16
2247,726,46,4,256.3,1025.2
2248,726,143,4,195.67,782.68
2249,727,125,4,463.25,1853.0
2250,727,29,4,457.0,1828.0
2251,727,146,2,185.29,370.58
2252,727,126,1,488.22,488.22
2253,728,97,1,337.49,337.49
2254,728,91,1,339.23,339.23
2255,728,73,2,401.29,802.58
2256,728,83,3,136.28,408.84
2257,728,16,3,290.79,872.37
2258,729,88,4,294.17,1176.68
2259,730,106,2,466.22,932.44
2260,730,90,2,426.41,852.82
2261,730,15,2,44.01,88.02
2262,731,17,3,27.68,83.04
2263,732,138,3,469.92,1409.76
2264,733,146,1,185.29,185.29
2265,733,132,4,115.1,460.4
2266,733,108,1,372.5,372.5
2267,733,69,3,99.25,297.75
2268,734,147,1,313.46,313.46
2269,734,26,2,343.88,687.76
2270,734,126,3,488.22,1464.66
2271,735,43,4,150.28,601.12
2272,735,77,2,224.35,448.7
2273,735,94,4,212.52,850.08
2274,736,138,2,469.92,939.84
2275,737,147,1,313.46,313.46
2276,737,103,1,83.08,83.08
2277,737,58,3,357.91,1073.73
2278,738,122,3,449.97,1349.91
2279,738,110,3,105.78,317.34
2280,738,54,4,489.1,1956.4
2281,738,89,3,33.16,99.48
2282,738,20,2,229.44,458.88
2283,739,132,2,115.1,230.2
2284,739,117,4,472.8,1891.2
2285,739,141,2,176.12,352.24
2286,739,47,4,421.63,1686.52
2287,739,5,3,51.38,154.14
2288,740,112,3,50.69,152.07
2289,740,145,4,5.84,23.36
2290,740,16,2,290.79,581.58
2291,740,134,2,115.35,230.7
2292,740,52,2,123.53,247.06
2293,741,112,1,50.69,50.69
2294,741,106,2,466.22,932.44
2295,741,82,4,86.5,346.0
2296,742,66,4,336.14,1344.56
2297,742,61,2,172.35,344.7
2298,743,63,3,355.38,1066.14
2299,744,109,3,144.47,433.41
2300,744,10,2,81.96,163.92
2301,744,52,1,123.53,123.53
2302,744,41,3,341.74,1025.22
2303,745,46,1,256.3,256.3
2304,745,11,3,55.59,166.77
2305,745,125,3,463.25,1389.75
2306,745,6,1,282.82,282.82
2307,745,15,4,44.01,176.04
2308,746,102,2,440.24,880.48
2309,747,31,4,442.92,1771.68
2310,747,134,1,115.35,115.35
2311,747,149,2,335.11,670.22
2312,747,135,1,202.24,202.24
2313,747,65,3,40.07,120.21
2314,748,61,1,172.35,172.35
2315,748,109,2,144.47,288.94
2316,748,56,2,136.2,272.4
2317,748,37,3,80.66,241.98
2318,749,15,3,44.01,132.03
2319,749,126,4,488.22,1952.88
2320,749,137,4,322.53,1290.12
2321,749,96,2,123.15,246.3
2322,749,29,3,457.0,1371.0
2323,750,93,3,291.56,874.68
2324,750,122,3,449.97,1349.91
2325,751,9,4,350.58,1402.32
2326,751,14,3,270.43,811.29
2327,751,62,3,296.28,888.84
2328,751,65,1,40.07,40.07
2329,751,142,2,221.01,442.02
2330,752,101,3,70.57,211.71
2331,753,77,2,224.35,448.7
2332,753,54,4,489.1,1956.4
2333,754,9,4,350.58,1402.32
2334,754,71,4,432.6,1730.4
2335,754,21,3,85.51,256.53
2336,754,126,4,488.22,1952.88
2337,755,42,3,385.46,1156.38
2338,756,141,1,176.12,176.12
2339,756,84,2,146.2,292.4
2340,756,117,4,472.8,1891.2
2341,756,8,2,405.67,811.34
2342,757,81,1,110.8,110.8
2343,757,148,2,361.28,722.56
2344,757,22,2,336.74,673.48
2345,758,106,4,466.22,1864.88
2346,758,82,4,86.5,346.0
2347,759,45,2,486.08,972.16
2348,759,84,1,146.2,146.2
2349,759,73,4,401.29,1605.16
2350,760,147,2,313.46,626.92
2351,760,58,1,357.91,357.91
2352,760,6,4,282.82,1131.28
2353,760,143,2,195.67,391.34
2354,761,13,4,404.53,1618.12
2355,761,103,3,83.08,249.24
2356,762,44,1,6.61,6.61
2357,762,146,4,185.29,741.16
2358,762,31,4,442.92,1771.68
2359,763,58,2,357.91,715.82
2360,764,74,2,99.84,199.68
2361,764,127,4,441.3,1765.2
2362,764,98,2,161.51,323.02
2363,765,49,4,271.99,1087.96
2364,765,108,2,372.5,745.0
2365,765,47,1,421.63,421.63
2366,766,116,3,282.65,847.95
2367,766,64,4,38.36,153.44
2368,767,83,2,136.28,272.56
2369,767,102,4,440.24,1760.96
2370,768,66,1,336.14,336.14
2371,768,19,3,433.91,1301.73
2372,768,25,2,494.81,989.62
2373,768,143,4,195.67,782.68
2374,768,16,3,290.79,872.37
2375,769,12,3,182.69,548.07
2376,769,2,4,115.49,461.96
2377,769,65,3,40.07,120.21
2378,769,130,2,137.07,274.14
2379,769,98,1,161.51,161.51
2380,770,129,3,402.11,1206.33
2381,770,127,4,441.3,1765.2
2382,771,111,1,255.18,255.18
2383,771,37,2,80.66,161.32
2384,771,67,4,363.06,1452.24
2385,771,30,3,110.25,330.75
2386,771,81,3,110.8,332.4
2387,772,68,4,125.28,501.12
2388,772,133,2,178.08,356.16
2389,772,81,3,110.8,332.4
2390,773,143,1,195.67,195.67
2391,773,113,2,26.82,53.64
2392,774,10,3,81.96,245.88
2393,774,121,2,450.0,900.0
2394,775,127,1,441.3,441.3
2395,776,125,1,463.25,463.25
2396,776,118,3,275.07,825.21
2397,776,127,1,441.3,441.3
2398,776,29,2,457.0,914.0
2399,776,38,3,300.22,900.66
2400,777,70,2,180.38,360.76
2401,777,145,4,5.84,23.36
2402,777,150,1,350.12,350.12
2403,777,55,2,68.55,137.1
2404,777,2,4,115.49,461.96
2405,778,7,4,114.12,456.48
2406,778,73,3,401.29,1203.87
2407,778,32,1,75.72,75.72
2408,779,21,4,85.51,342.04
2409,780,117,1,472.8,472.8
2410,780,69,4,99.25,397.0
2411,780,2,3,115.49,346.47
2412,780,85,2,81.62,163.24
2413,781,83,4,136.28,545.12
2414,781,15,1,44.01,44.01
2415,781,19,4,433.91,1735.64
2416,782,23,4,306.52,1226.08
2417,782,6,4,282.82,1131.28
2418,782,54,3,489.1,1467.3
2419,782,42,2,385.46,770.92
2420,783,80,3,87.32,261.96
2421,783,34,2,374.77,749.54
2422,783,92,4,64.34,257.36
2423,783,25,4,494.81,1979.24
2424,784,145,4,5.84,23.36
2425,784,109,3,144.47,433.41
2426,784,24,2,85.88,171.76
2427,785,11,3,55.59,166.77
2428,786,40,1,485.68,485.68
2429,786,127,3,441.3,1323.9
2430,787,77,4,224.35,897.4
2431,787,39,3,299.96,899.88
2432,787,33,1,373.77,373.77
2433,787,64,1,38.36,38.36
2434,788,131,4,194.36,777.44
2435,789,65,1,40.07,40.07
2436,789,91,1,339.23,339.23
2437,789,66,4,336.14,1344.56
2438,789,150,2,350.12,700.24
2439,789,21,2,85.51,171.02
2440,790,107,3,135.91,407.73
2441,791,116,2,282.65,565.3
2442,791,68,2,125.28,250.56
2443,791,88,1,294.17,294.17
2444,791,48,3,80.66,241.98
2445,792,137,1,322.53,322.53
2446,792,5,1,51.38,51.38
2447,792,2,2,115.49,230.98
2448,792,102,4,440.24,1760.96
2449,793,125,2,463.25,926.5
2450,793,78,2,30.04,60.08
2451,793,93,1,291.56,291.56
2452,793,102,2,440.24,880.48
2453,793,23,1,306.52,306.52
2454,794,7,4,114.12,456.48
2455,794,54,2,489.1,978.2
2456,795,49,4,271.99,1087.96
2457,795,23,4,306.52,1226.08
2458,795,78,1,30.04,30.04
2459,795,119,1,293.34,293.34
2460,795,38,2,300.22,600.44
2461,796,125,2,463.25,926.5
2462,796,121,2,450.0,900.0
2463,796,6,3,282.82,848.46
2464,796,116,4,282.65,1130.6
2465,797,111,4,255.18,1020.72
2466,798,142,4,221.01,884.04
2467,798,75,4,74.39,297.56
2468,798,10,2,81.96,163.92
2469,798,125,1,463.25,463.25
2470,798,103,1,83.08,83.08
2471,799,17,4,27.68,110.72
2472,799,69,3,99.25,297.75
2473,799,107,4,135.91,543.64
2474,799,122,4,449.97,1799.88
2475,799,30,1,110.25,110.25
2476,800,121,4,450.0,1800.0
2477,800,89,2,33.16,66.32
