order_id,user_id,order_date,status,total_amount
1,66,2025-12-10 13:40:32,processing,1747.63
2,221,2025-12-10 13:31:35,delivered,1790.4
3,48,2025-12-10 13:46:13,delivered,890.46
4,13,2025-12-10 13:43:24,pending,4747.78
5,125,2025-12-10 13:29:39,pending,814.32
6,113,2025-12-10 13:32:15,processing,3183.06
7,314,2025-12-10 13:42:06,delivered,4520.4
8,321,2025-12-10 13:45:45,processing,1520.95
9,78,2025-12-10 13:38:58,processing,384.92
10,170,2025-12-10 13:37:53,shipped,2011.65
11,483,2025-12-10 13:35:09,processing,4431.1
12,249,2025-12-10 13:35:57,pending,1038.2
13,304,2025-12-10 13:38:40,shipped,1346.96
14,70,2025-12-10 13:36:03,delivered,2707.3
15,109,2025-12-10 13:41:32,shipped,2009.53
16,10,2025-12-10 13:43:49,delivered,852.82
17,333,2025-12-10 13:46:38,pending,811.34
18,103,2025-12-10 13:40:10,delivered,4848.2
19,311,2025-12-10 13:29:37,shipped,1156.38
20,56,2025-12-10 13:38:28,shipped,1940.53
21,53,2025-12-10 13:40:02,delivered,1518.89
22,36,2025-12-10 13:29:33,shipped,3251.95
23,326,2025-12-10 13:40:25,delivered,3146.4
24,423,2025-12-10 13:42:56,delivered,2443.4
25,385,2025-12-10 13:42:55,shipped,4397.86
26,175,2025-12-10 13:36:48,processing,3440.12
27,354,2025-12-10 13:45:31,shipped,1823.1
28,340,2025-12-10 13:40:41,shipped,2679.91
29,157,2025-12-10 13:39:35,processing,904.44
30,62,2025-12-10 13:30:32,delivered,1614.52
31,371,2025-12-10 13:33:36,shipped,3473.79
32,141,2025-12-10 13:38:00,pending,663.03
33,358,2025-12-10 13:35:03,delivered,4120.39
34,95,2025-12-10 13:43:49,cancelled,1809.2
35,296,2025-12-10 13:31:26,shipped,599.92
36,416,2025-12-10 13:45:04,shipped,3195.36
37,231,2025-12-10 13:34:42,delivered,961.01
38,321,2025-12-10 13:40:17,processing,683.48
39,89,2025-12-10 13:44:11,shipped,1411.88
40,150,2025-12-10 13:33:13,pending,3088.8
41,218,2025-12-10 13:39:14,pending,699.17
42,31,2025-12-10 13:30:07,processing,665.11
43,359,2025-12-10 13:33:25,shipped,2143.13
44,456,2025-12-10 13:40:15,shipped,451.9
45,296,2025-12-10 13:30:53,pending,2334.24
46,93,2025-12-10 13:37:11,cancelled,3986.93
47,440,2025-12-10 13:40:01,processing,1452.1
48,130,2025-12-10 13:45:43,processing,1544.58
49,319,2025-12-10 13:43:35,delivered,1784.54
50,63,2025-12-10 13:34:52,pending,3111.67
51,485,2025-12-10 13:41:49,pending,1406.36
52,428,2025-12-10 13:39:15,shipped,3109.36
53,142,2025-12-10 13:46:32,delivered,1725.48
54,229,2025-12-10 13:31:25,shipped,2893.9
55,446,2025-12-10 13:43:01,processing,665.36
56,23,2025-12-10 13:37:29,processing,1521.91
57,448,2025-12-10 13:46:38,delivered,808.96
58,8,2025-12-10 13:38:47,delivered,3200.64
59,437,2025-12-10 13:37:19,delivered,1993.0
60,223,2025-12-10 13:42:52,cancelled,640.74
61,356,2025-12-10 13:30:45,processing,548.07
62,408,2025-12-10 13:42:08,pending,1867.46
63,88,2025-12-10 13:35:40,processing,4259.4
64,342,2025-12-10 13:40:00,pending,3232.04
65,354,2025-12-10 13:46:27,processing,2027.79
66,293,2025-12-10 13:40:57,processing,1425.06
67,467,2025-12-10 13:36:31,shipped,2026.08
68,463,2025-12-10 13:29:37,shipped,349.28
69,18,2025-12-10 13:31:52,shipped,1193.64
70,90,2025-12-10 13:29:43,processing,4469.75
71,240,2025-12-10 13:31:41,cancelled,1513.97
72,405,2025-12-10 13:33:48,processing,3528.12
73,422,2025-12-10 13:43:58,shipped,1298.28
74,332,2025-12-10 13:41:51,pending,896.38
75,60,2025-12-10 13:40:21,pending,3551.72
76,316,2025-12-10 13:31:51,shipped,3545.44
77,438,2025-12-10 13:36:05,processing,870.36
78,496,2025-12-10 13:29:02,pending,1769.44
79,36,2025-12-10 13:39:01,delivered,2091.4
80,409,2025-12-10 13:46:10,processing,374.77
81,184,2025-12-10 13:41:34,delivered,426.7
82,27,2025-12-10 13:34:00,pending,2967.27
83,258,2025-12-10 13:45:41,processing,2270.2
84,252,2025-12-10 13:44:40,delivered,1914.43
85,196,2025-12-10 13:40:56,cancelled,3436.36
86,212,2025-12-10 13:46:52,processing,2556.88
87,489,2025-12-10 13:41:49,processing,1678.98
88,301,2025-12-10 13:45:11,cancelled,2869.6
89,296,2025-12-10 13:30:38,shipped,1560.78
90,433,2025-12-10 13:36:21,shipped,70.0
91,414,2025-12-10 13:42:12,shipped,2865.76
92,93,2025-12-10 13:40:09,delivered,4339.84
93,81,2025-12-10 13:43:08,processing,1314.49
94,346,2025-12-10 13:33:59,pending,2088.01
95,221,2025-12-10 13:30:44,pending,4352.35
96,485,2025-12-10 13:35:36,processing,1082.81
97,4,2025-12-10 13:43:24,shipped,3548.1
98,442,2025-12-10 13:36:20,delivered,2555.96
99,59,2025-12-10 13:37:38,shipped,1398.45
100,125,2025-12-10 13:39:21,shipped,2273.1
101,40,2025-12-10 13:38:35,shipped,967.22
102,464,2025-12-10 13:36:11,delivered,1354.25
103,89,2025-12-10 13:37:47,shipped,1025.2
104,238,2025-12-10 13:42:44,delivered,3381.68
105,408,2025-12-10 13:46:20,processing,339.23
106,159,2025-12-10 13:41:52,shipped,132.03
107,426,2025-12-10 13:37:19,processing,548.28
108,237,2025-12-10 13:36:55,shipped,565.3
109,165,2025-12-10 13:32:33,shipped,2577.63
110,225,2025-12-10 13:31:26,shipped,3372.8
111,169,2025-12-10 13:34:07,pending,2834.84
112,496,2025-12-10 13:35:40,delivered,2815.03
113,331,2025-12-10 13:36:34,delivered,2235.2
114,80,2025-12-10 13:41:38,pending,137.07
115,339,2025-12-10 13:43:59,processing,5391.91
116,347,2025-12-10 13:43:22,delivered,2822.97
117,189,2025-12-10 13:32:00,delivered,3025.89
118,27,2025-12-10 13:45:15,shipped,754.23
119,391,2025-12-10 13:30:36,processing,1669.03
120,213,2025-12-10 13:44:17,pending,1622.16
121,71,2025-12-10 13:36:29,pending,1846.71
122,428,2025-12-10 13:33:13,pending,2941.38
123,328,2025-12-10 13:44:13,delivered,3090.64
124,220,2025-12-10 13:39:16,pending,1313.75
125,35,2025-12-10 13:38:32,cancelled,2443.35
126,183,2025-12-10 13:41:10,delivered,1460.71
127,181,2025-12-10 13:44:43,shipped,1256.94
128,33,2025-12-10 13:44:44,delivered,1316.58
129,264,2025-12-10 13:43:35,processing,2551.67
130,410,2025-12-10 13:34:53,processing,1513.45
131,411,2025-12-10 13:43:05,pending,1467.64
132,168,2025-12-10 13:33:37,delivered,2406.1
133,22,2025-12-10 13:42:13,delivered,1913.12
134,263,2025-12-10 13:37:20,delivered,1703.34
135,65,2025-12-10 13:42:22,pending,1051.94
136,486,2025-12-10 13:44:09,processing,3542.99
137,128,2025-12-10 13:39:40,cancelled,322.64
138,266,2025-12-10 13:30:23,processing,3065.01
139,437,2025-12-10 13:46:22,pending,1880.67
140,364,2025-12-10 13:45:39,pending,2611.89
141,405,2025-12-10 13:45:54,shipped,1978.64
142,34,2025-12-10 13:38:01,processing,2502.73
143,231,2025-12-10 13:45:54,shipped,2694.99
144,85,2025-12-10 13:41:45,processing,277.56
145,129,2025-12-10 13:38:17,processing,2726.29
146,423,2025-12-10 13:38:46,delivered,548.07
147,334,2025-12-10 13:37:09,processing,3088.54
148,233,2025-12-10 13:38:43,pending,1366.96
149,213,2025-12-10 13:46:07,shipped,1124.49
150,376,2025-12-10 13:40:23,cancelled,2142.75
151,239,2025-12-10 13:33:42,pending,3226.02
152,493,2025-12-10 13:41:04,delivered,1161.16
153,391,2025-12-10 13:35:28,processing,3543.34
154,25,2025-12-10 13:44:12,pending,2809.11
155,373,2025-12-10 13:44:40,processing,1492.78
156,198,2025-12-10 13:37:38,shipped,3685.83
157,309,2025-12-10 13:29:55,shipped,2670.57
158,477,2025-12-10 13:37:10,shipped,1109.11
159,363,2025-12-10 13:45:14,shipped,3518.18
160,136,2025-12-10 13:42:16,cancelled,3186.23
161,294,2025-12-10 13:44:52,delivered,271.99
162,226,2025-12-10 13:43:18,processing,2054.48
163,447,2025-12-10 13:45:12,delivered,100.0
164,288,2025-12-10 13:38:35,processing,3612.07
165,313,2025-12-10 13:29:50,shipped,496.34
166,483,2025-12-10 13:38:02,cancelled,3720.58
167,287,2025-12-10 13:34:06,delivered,1642.62
168,489,2025-12-10 13:29:45,delivered,278.76
169,178,2025-12-10 13:45:22,delivered,1458.1
170,56,2025-12-10 13:43:21,shipped,4360.64
171,368,2025-12-10 13:44:55,shipped,935.46
172,335,2025-12-10 13:41:05,delivered,1501.32
173,274,2025-12-10 13:31:43,delivered,1944.32
174,452,2025-12-10 13:39:30,delivered,1760.96
175,96,2025-12-10 13:44:10,delivered,1774.92
176,233,2025-12-10 13:40:57,cancelled,2220.9
177,375,2025-12-10 13:35:48,shipped,1587.06
178,313,2025-12-10 13:39:09,delivered,1443.66
179,245,2025-12-10 13:31:59,processing,1188.08
180,229,2025-12-10 13:31:34,delivered,2020.78
181,355,2025-12-10 13:39:48,processing,204.27
182,82,2025-12-10 13:45:03,shipped,4861.28
183,383,2025-12-10 13:36:04,cancelled,1074.06
184,270,2025-12-10 13:36:04,shipped,1155.12
185,85,2025-12-10 13:31:00,processing,3185.69
186,263,2025-12-10 13:30:58,shipped,2114.77
187,24,2025-12-10 13:30:05,shipped,93.39
188,479,2025-12-10 13:30:34,delivered,3793.81
189,230,2025-12-10 13:38:27,delivered,2021.52
190,271,2025-12-10 13:30:07,pending,1183.42
191,345,2025-12-10 13:42:56,delivered,2333.45
192,97,2025-12-10 13:41:42,delivered,1402.32
193,315,2025-12-10 13:42:34,delivered,592.56
194,35,2025-12-10 13:41:10,pending,371.91
195,126,2025-12-10 13:46:15,delivered,709.19
196,418,2025-12-10 13:34:06,delivered,2047.85
197,32,2025-12-10 13:37:14,shipped,5851.69
198,77,2025-12-10 13:38:53,processing,1839.78
199,154,2025-12-10 13:37:58,delivered,1349.4
200,286,2025-12-10 13:40:42,shipped,1923.76
201,275,2025-12-10 13:37:19,delivered,1180.97
202,448,2025-12-10 13:46:54,pending,2662.44
203,383,2025-12-10 13:40:22,cancelled,4154.42
204,274,2025-12-10 13:43:24,shipped,2733.58
205,412,2025-12-10 13:41:27,cancelled,1550.36
206,9,2025-12-10 13:37:22,processing,3425.99
207,282,2025-12-10 13:40:39,delivered,2687.08
208,72,2025-12-10 13:35:08,delivered,667.08
209,212,2025-12-10 13:35:49,pending,1092.6
210,259,2025-12-10 13:33:25,shipped,1948.2
211,9,2025-12-10 13:43:01,pending,3301.29
212,471,2025-12-10 13:43:39,pending,1793.28
213,137,2025-12-10 13:30:04,delivered,492.6
214,236,2025-12-10 13:29:26,shipped,309.86
215,208,2025-12-10 13:30:14,processing,3339.18
216,118,2025-12-10 13:37:51,processing,1658.24
217,301,2025-12-10 13:44:54,pending,2536.02
218,387,2025-12-10 13:29:58,delivered,1206.33
219,28,2025-12-10 13:31:40,pending,1800.27
220,16,2025-12-10 13:31:22,shipped,3853.04
221,44,2025-12-10 13:31:01,delivered,2329.86
222,365,2025-12-10 13:37:21,delivered,210.28
223,47,2025-12-10 13:39:29,pending,1083.87
224,96,2025-12-10 13:41:19,shipped,1688.18
225,7,2025-12-10 13:43:22,processing,2535.52
226,138,2025-12-10 13:31:38,processing,1664.98
227,401,2025-12-10 13:31:40,pending,715.48
228,156,2025-12-10 13:46:06,pending,2343.27
229,165,2025-12-10 13:42:36,shipped,1113.46
230,496,2025-12-10 13:39:42,processing,3281.45
231,478,2025-12-10 13:31:43,shipped,3550.24
232,345,2025-12-10 13:31:56,shipped,1831.08
233,230,2025-12-10 13:32:27,cancelled,2588.22
234,56,2025-12-10 13:39:50,delivered,1172.55
235,55,2025-12-10 13:46:07,pending,2276.4
236,201,2025-12-10 13:36:19,shipped,2035.8
237,426,2025-12-10 13:44:16,delivered,1628.51
238,402,2025-12-10 13:38:25,processing,3630.82
239,23,2025-12-10 13:42:41,delivered,848.46
240,332,2025-12-10 13:43:32,pending,1066.92
241,170,2025-12-10 13:31:35,shipped,1749.42
242,304,2025-12-10 13:39:37,shipped,137.1
243,143,2025-12-10 13:39:26,delivered,361.28
244,410,2025-12-10 13:45:02,delivered,1009.84
245,59,2025-12-10 13:44:17,processing,1222.07
246,317,2025-12-10 13:43:29,processing,1037.52
247,60,2025-12-10 13:32:09,processing,859.96
248,295,2025-12-10 13:46:24,processing,1866.34
249,251,2025-12-10 13:42:55,processing,958.75
250,488,2025-12-10 13:46:25,pending,1244.36
251,351,2025-12-10 13:45:36,shipped,1804.84
252,141,2025-12-10 13:28:59,processing,307.35
253,138,2025-12-10 13:38:33,delivered,435.96
254,377,2025-12-10 13:44:44,delivered,1949.14
255,179,2025-12-10 13:43:01,delivered,26.82
256,398,2025-12-10 13:42:37,delivered,1064.38
257,402,2025-12-10 13:42:04,processing,1428.24
258,306,2025-12-10 13:34:00,shipped,1098.31
259,471,2025-12-10 13:29:31,pending,1948.57
260,390,2025-12-10 13:41:42,delivered,3819.89
261,325,2025-12-10 13:33:31,delivered,923.34
262,356,2025-12-10 13:41:34,delivered,1520.85
263,326,2025-12-10 13:42:46,delivered,2225.96
264,254,2025-12-10 13:40:41,processing,2538.82
265,458,2025-12-10 13:41:46,delivered,182.69
266,321,2025-12-10 13:29:33,delivered,1701.84
267,353,2025-12-10 13:46:57,delivered,2408.9
268,191,2025-12-10 13:31:17,delivered,1691.77
269,220,2025-12-10 13:38:24,delivered,34.76
270,245,2025-12-10 13:34:35,pending,3365.02
271,118,2025-12-10 13:36:55,processing,355.14
272,189,2025-12-10 13:36:53,delivered,507.21
273,272,2025-12-10 13:29:06,shipped,1929.73
274,72,2025-12-10 13:35:08,delivered,1775.83
275,399,2025-12-10 13:35:19,delivered,60.08
276,266,2025-12-10 13:45:55,shipped,538.57
277,254,2025-12-10 13:43:24,processing,1671.33
278,479,2025-12-10 13:38:44,processing,2097.04
279,301,2025-12-10 13:29:34,pending,1874.73
280,217,2025-12-10 13:39:45,delivered,939.84
281,143,2025-12-10 13:38:28,pending,388.72
282,499,2025-12-10 13:45:24,delivered,708.41
283,60,2025-12-10 13:37:14,shipped,3811.05
284,268,2025-12-10 13:43:23,shipped,947.76
285,172,2025-12-10 13:34:56,delivered,814.08
286,262,2025-12-10 13:34:17,processing,1857.31
287,380,2025-12-10 13:31:16,shipped,594.58
288,24,2025-12-10 13:37:37,shipped,2400.34
289,214,2025-12-10 13:30:51,delivered,1084.04
290,92,2025-12-10 13:41:05,processing,1963.64
291,189,2025-12-10 13:31:16,processing,3590.4
292,13,2025-12-10 13:36:21,processing,2830.79
293,106,2025-12-10 13:31:59,shipped,1348.94
294,365,2025-12-10 13:42:14,processing,259.6
295,359,2025-12-10 13:41:49,delivered,2645.8
296,223,2025-12-10 13:30:05,delivered,740.22
297,475,2025-12-10 13:39:30,delivered,816.41
298,70,2025-12-10 13:45:31,delivered,3687.87
299,232,2025-12-10 13:39:28,processing,2098.12
300,428,2025-12-10 13:44:22,delivered,411.08
301,263,2025-12-10 13:37:17,pending,4207.9
302,49,2025-12-10 13:36:15,shipped,670.3
303,67,2025-12-10 13:32:03,processing,1536.13
304,463,2025-12-10 13:37:37,shipped,167.5
305,483,2025-12-10 13:44:28,shipped,2274.56
306,16,2025-12-10 13:46:03,processing,2911.45
307,18,2025-12-10 13:40:34,shipped,4128.26
308,71,2025-12-10 13:34:42,shipped,1145.23
309,139,2025-12-10 13:37:53,processing,2210.04
310,393,2025-12-10 13:44:31,shipped,1371.24
311,137,2025-12-10 13:39:11,shipped,1929.44
312,182,2025-12-10 13:39:18,delivered,1285.95
313,468,2025-12-10 13:33:21,shipped,635.92
314,90,2025-12-10 13:29:04,shipped,88.02
315,309,2025-12-10 13:35:23,processing,1783.31
316,76,2025-12-10 13:40:09,shipped,1573.24
317,192,2025-12-10 13:37:56,delivered,2103.54
318,333,2025-12-10 13:38:36,processing,4157.09
319,436,2025-12-10 13:32:30,cancelled,3663.02
320,122,2025-12-10 13:29:33,processing,2361.17
321,108,2025-12-10 13:34:39,processing,1279.23
322,403,2025-12-10 13:36:41,pending,1618.12
323,225,2025-12-10 13:46:12,delivered,3188.78
324,280,2025-12-10 13:45:23,processing,2158.22
325,164,2025-12-10 13:36:41,processing,1301.73
326,88,2025-12-10 13:41:10,delivered,757.8
327,305,2025-12-10 13:31:47,cancelled,1368.87
328,106,2025-12-10 13:42:51,cancelled,1376.38
329,202,2025-12-10 13:43:06,shipped,3157.35
330,103,2025-12-10 13:39:34,pending,304.17
331,433,2025-12-10 13:45:56,pending,3495.8
332,190,2025-12-10 13:45:20,processing,501.12
333,239,2025-12-10 13:39:18,processing,1196.51
334,414,2025-12-10 13:32:14,shipped,2864.15
335,41,2025-12-10 13:35:56,processing,804.22
336,62,2025-12-10 13:32:03,delivered,1698.12
337,350,2025-12-10 13:35:55,shipped,449.56
338,199,2025-12-10 13:41:29,shipped,2623.52
339,291,2025-12-10 13:31:35,shipped,203.58
340,403,2025-12-10 13:46:14,processing,2731.25
341,74,2025-12-10 13:35:23,shipped,2604.83
342,11,2025-12-10 13:29:16,processing,1133.76
343,154,2025-12-10 13:33:48,cancelled,2167.46
344,380,2025-12-10 13:41:06,shipped,1172.79
345,99,2025-12-10 13:46:31,delivered,197.45
346,26,2025-12-10 13:41:44,delivered,3601.12
347,326,2025-12-10 13:35:39,delivered,888.84
348,251,2025-12-10 13:38:06,shipped,2012.94
349,84,2025-12-10 13:43:15,delivered,1556.15
350,438,2025-12-10 13:39:50,shipped,2038.45
351,334,2025-12-10 13:31:39,shipped,1359.88
352,467,2025-12-10 13:40:54,pending,2093.64
353,365,2025-12-10 13:36:09,cancelled,2443.17
354,239,2025-12-10 13:46:58,processing,3619.15
355,33,2025-12-10 13:41:25,processing,2029.92
356,265,2025-12-10 13:34:42,delivered,923.34
357,349,2025-12-10 13:33:02,pending,1108.8
358,133,2025-12-10 13:45:40,delivered,2282.48
359,465,2025-12-10 13:40:10,delivered,953.8
360,242,2025-12-10 13:40:42,pending,2427.88
361,115,2025-12-10 13:30:57,delivered,1854.96
362,436,2025-12-10 13:46:49,pending,350.12
363,242,2025-12-10 13:39:20,delivered,3580.52
364,210,2025-12-10 13:31:34,cancelled,1754.83
365,325,2025-12-10 13:34:48,pending,3550.77
366,315,2025-12-10 13:41:47,shipped,1112.65
367,487,2025-12-10 13:40:15,pending,1130.35
368,356,2025-12-10 13:41:18,delivered,1370.68
369,422,2025-12-10 13:46:41,pending,2284.28
370,176,2025-12-10 13:32:45,cancelled,1524.44
371,109,2025-12-10 13:41:50,delivered,938.31
372,335,2025-12-10 13:44:42,delivered,441.0
373,228,2025-12-10 13:40:45,processing,3227.91
374,215,2025-12-10 13:35:03,delivered,194.36
375,145,2025-12-10 13:36:19,pending,739.2
376,312,2025-12-10 13:35:59,processing,960.67
377,21,2025-12-10 13:32:17,shipped,1055.72
378,7,2025-12-10 13:36:30,delivered,1253.84
379,77,2025-12-10 13:39:36,delivered,3602.22
380,417,2025-12-10 13:32:06,processing,223.17
381,411,2025-12-10 13:30:23,delivered,2778.1
382,458,2025-12-10 13:30:52,shipped,3376.94
383,428,2025-12-10 13:35:40,processing,2629.14
384,467,2025-12-10 13:31:12,shipped,4073.22
385,226,2025-12-10 13:37:47,pending,1315.71
386,222,2025-12-10 13:42:07,delivered,2014.52
387,430,2025-12-10 13:35:26,delivered,4001.68
388,124,2025-12-10 13:37:49,processing,2882.22
389,41,2025-12-10 13:33:19,shipped,4378.64
390,19,2025-12-10 13:34:53,shipped,257.64
391,456,2025-12-10 13:39:37,shipped,1712.57
392,419,2025-12-10 13:34:20,processing,1332.58
393,2,2025-12-10 13:32:29,processing,537.77
394,253,2025-12-10 13:41:36,pending,2756.84
395,423,2025-12-10 13:44:47,delivered,1477.98
396,338,2025-12-10 13:37:14,shipped,4222.42
397,54,2025-12-10 13:30:45,processing,2256.89
398,413,2025-12-10 13:32:27,pending,1363.54
399,352,2025-12-10 13:34:54,processing,1171.01
400,390,2025-12-10 13:31:08,processing,2762.64
401,13,2025-12-10 13:46:33,processing,88.02
402,137,2025-12-10 13:39:42,delivered,239.75
403,354,2025-12-10 13:34:15,delivered,1682.49
404,53,2025-12-10 13:45:06,shipped,2836.7
405,490,2025-12-10 13:35:34,delivered,2393.05
406,425,2025-12-10 13:39:03,processing,916.26
407,350,2025-12-10 13:32:04,pending,903.32
408,220,2025-12-10 13:31:57,processing,2560.13
409,239,2025-12-10 13:39:04,delivered,652.45
410,397,2025-12-10 13:42:41,delivered,2538.2
411,403,2025-12-10 13:31:59,shipped,1884.86
412,170,2025-12-10 13:35:41,processing,933.58
413,343,2025-12-10 13:37:29,processing,1288.5
414,469,2025-12-10 13:31:50,delivered,28.83
415,277,2025-12-10 13:40:19,delivered,534.24
416,264,2025-12-10 13:41:08,delivered,2409.4
417,498,2025-12-10 13:41:21,cancelled,3485.92
418,383,2025-12-10 13:35:39,delivered,825.21
419,20,2025-12-10 13:30:49,pending,768.9
420,286,2025-12-10 13:31:07,pending,2794.6
421,323,2025-12-10 13:39:55,shipped,535.56
422,359,2025-12-10 13:36:36,delivered,1633.08
423,392,2025-12-10 13:30:18,delivered,4516.92
424,492,2025-12-10 13:35:27,shipped,807.28
425,3,2025-12-10 13:30:59,shipped,4080.28
426,464,2025-12-10 13:39:28,shipped,1350.74
427,331,2025-12-10 13:39:06,shipped,2177.28
428,183,2025-12-10 13:29:20,pending,1146.46
429,163,2025-12-10 13:44:20,shipped,4447.03
430,87,2025-12-10 13:44:02,pending,1599.15
431,69,2025-12-10 13:31:59,delivered,3373.05
432,283,2025-12-10 13:32:23,pending,871.82
433,417,2025-12-10 13:30:36,shipped,2553.39
434,115,2025-12-10 13:42:53,delivered,2482.0
435,435,2025-12-10 13:41:17,cancelled,2188.23
436,113,2025-12-10 13:39:19,delivered,333.6
437,22,2025-12-10 13:39:39,delivered,2831.81
438,297,2025-12-10 13:39:53,shipped,975.05
439,193,2025-12-10 13:44:34,cancelled,1457.58
440,250,2025-12-10 13:42:52,delivered,1137.29
441,96,2025-12-10 13:43:44,processing,3586.5
442,332,2025-12-10 13:37:05,delivered,355.38
443,66,2025-12-10 13:39:24,shipped,414.39
444,29,2025-12-10 13:40:05,processing,1101.42
445,485,2025-12-10 13:39:20,pending,4234.4
446,86,2025-12-10 13:33:04,delivered,4305.64
447,56,2025-12-10 13:35:15,pending,2740.75
448,338,2025-12-10 13:32:20,pending,3038.97
449,405,2025-12-10 13:33:48,delivered,2332.08
450,393,2025-12-10 13:42:51,processing,1605.16
451,132,2025-12-10 13:38:05,processing,361.28
452,267,2025-12-10 13:40:37,pending,667.99
453,80,2025-12-10 13:34:11,shipped,3401.37
454,283,2025-12-10 13:30:51,delivered,3408.52
455,397,2025-12-10 13:43:12,delivered,2215.4
456,52,2025-12-10 13:39:27,processing,2718.47
457,242,2025-12-10 13:31:47,delivered,3001.96
458,477,2025-12-10 13:32:29,cancelled,2990.1
459,18,2025-12-10 13:29:45,delivered,1390.92
460,400,2025-12-10 13:43:17,processing,1857.42
461,178,2025-12-10 13:32:33,cancelled,3151.52
462,90,2025-12-10 13:42:02,shipped,131.09
463,258,2025-12-10 13:41:58,processing,345.3
464,449,2025-12-10 13:32:10,shipped,2901.62
465,247,2025-12-10 13:29:34,pending,323.02
466,347,2025-12-10 13:30:59,delivered,1840.07
467,148,2025-12-10 13:46:57,pending,2349.69
468,112,2025-12-10 13:33:30,delivered,2126.44
469,447,2025-12-10 13:34:26,processing,447.31
470,399,2025-12-10 13:37:31,pending,441.3
471,392,2025-12-10 13:33:33,delivered,1461.15
472,318,2025-12-10 13:33:11,processing,3884.46
473,245,2025-12-10 13:42:47,delivered,1206.33
474,202,2025-12-10 13:33:48,delivered,2429.04
475,353,2025-12-10 13:43:13,pending,1166.84
476,186,2025-12-10 13:46:10,shipped,1190.8
477,491,2025-12-10 13:33:16,shipped,2073.13
478,187,2025-12-10 13:34:10,delivered,1722.02
479,370,2025-12-10 13:31:50,processing,1293.04
480,75,2025-12-10 13:46:01,delivered,2259.82
481,256,2025-12-10 13:41:07,pending,1717.75
482,111,2025-12-10 13:42:42,delivered,4875.09
483,11,2025-12-10 13:34:48,shipped,2614.34
484,167,2025-12-10 13:41:59,delivered,2281.2
485,216,2025-12-10 13:42:00,shipped,4212.71
486,310,2025-12-10 13:33:58,shipped,2678.42
487,95,2025-12-10 13:30:01,delivered,252.49
488,86,2025-12-10 13:35:35,processing,110.72
489,281,2025-12-10 13:38:13,pending,1590.58
490,118,2025-12-10 13:45:55,processing,1389.28
491,340,2025-12-10 13:31:55,processing,1809.05
492,497,2025-12-10 13:29:06,delivered,2514.28
493,227,2025-12-10 13:29:21,processing,2444.45
494,241,2025-12-10 13:40:46,shipped,2559.6
495,97,2025-12-10 13:36:50,shipped,1748.82
496,321,2025-12-10 13:33:43,processing,3004.27
497,57,2025-12-10 13:40:59,shipped,1676.18
498,498,2025-12-10 13:45:47,pending,1454.3
499,8,2025-12-10 13:33:24,shipped,1836.38
500,170,2025-12-10 13:33:30,pending,275.29
501,279,2025-12-10 13:44:32,shipped,201.58
502,499,2025-12-10 13:30:39,delivered,339.59
503,102,2025-12-10 13:35:51,shipped,230.7
504,243,2025-12-10 13:34:22,processing,1383.86
505,327,2025-12-10 13:33:57,processing,2456.66
506,8,2025-12-10 13:30:01,processing,1583.4
507,298,2025-12-10 13:30:34,delivered,1885.56
508,477,2025-12-10 13:44:47,cancelled,872.37
509,331,2025-12-10 13:38:06,processing,3443.22
510,184,2025-12-10 13:40:34,delivered,2073.41
511,291,2025-12-10 13:45:49,processing,1205.85
512,231,2025-12-10 13:33:22,processing,1889.07
513,453,2025-12-10 13:37:39,pending,1568.4
514,393,2025-12-10 13:35:30,shipped,2617.56
515,104,2025-12-10 13:44:47,pending,2777.84
516,270,2025-12-10 13:33:09,shipped,4213.28
517,411,2025-12-10 13:33:55,shipped,1071.08
518,376,2025-12-10 13:40:55,pending,721.8
519,273,2025-12-10 13:31:59,processing,557.92
520,383,2025-12-10 13:39:03,pending,2384.18
521,478,2025-12-10 13:40:24,processing,1658.73
522,312,2025-12-10 13:35:20,processing,2956.34
523,146,2025-12-10 13:30:30,shipped,2211.76
524,49,2025-12-10 13:40:17,pending,1807.6
525,132,2025-12-10 13:46:27,delivered,1253.84
526,292,2025-12-10 13:29:46,delivered,584.8
527,89,2025-12-10 13:34:00,shipped,2694.92
528,214,2025-12-10 13:46:35,delivered,221.86
529,325,2025-12-10 13:42:37,delivered,2498.49
530,79,2025-12-10 13:29:31,pending,2943.67
531,76,2025-12-10 13:41:57,pending,449.97
532,281,2025-12-10 13:30:28,processing,332.32
533,397,2025-12-10 13:38:48,delivered,1498.46
534,203,2025-12-10 13:29:57,delivered,666.66
535,37,2025-12-10 13:34:54,processing,4280.8
536,98,2025-12-10 13:35:11,processing,3667.01
537,351,2025-12-10 13:37:55,processing,457.0
538,125,2025-12-10 13:29:25,delivered,596.81
539,157,2025-12-10 13:43:16,shipped,163.24
540,379,2025-12-10 13:41:13,shipped,533.22
541,319,2025-12-10 13:39:14,delivered,1063.85
542,88,2025-12-10 13:45:16,pending,991.95
543,35,2025-12-10 13:37:58,processing,1791.76
544,195,2025-12-10 13:44:22,shipped,443.2
545,444,2025-12-10 13:42:36,shipped,161.32
546,257,2025-12-10 13:40:37,cancelled,2676.13
547,178,2025-12-10 13:30:24,delivered,1468.8
548,450,2025-12-10 13:29:46,processing,587.01
549,116,2025-12-10 13:37:45,processing,1879.8
550,219,2025-12-10 13:31:49,cancelled,2312.95
551,221,2025-12-10 13:46:08,cancelled,359.26
552,286,2025-12-10 13:46:13,shipped,241.98
553,430,2025-12-10 13:40:15,delivered,346.0
554,493,2025-12-10 13:43:51,shipped,2347.85
555,311,2025-12-10 13:42:22,shipped,308.82
556,353,2025-12-10 13:37:50,delivered,2106.33
557,437,2025-12-10 13:35:57,processing,2967.05
558,487,2025-12-10 13:30:11,shipped,205.52
559,444,2025-12-10 13:32:11,shipped,1561.76
560,369,2025-12-10 13:42:15,processing,3314.76
561,266,2025-12-10 13:40:13,shipped,782.68
562,265,2025-12-10 13:41:04,delivered,815.97
563,226,2025-12-10 13:43:42,processing,1429.66
564,354,2025-12-10 13:33:34,shipped,575.99
565,93,2025-12-10 13:36:30,delivered,3593.37
566,47,2025-12-10 13:46:33,processing,419.24
567,325,2025-12-10 13:45:46,processing,2280.99
568,84,2025-12-10 13:46:20,delivered,1928.79
569,374,2025-12-10 13:46:24,delivered,2324.84
570,235,2025-12-10 13:44:05,shipped,2964.44
571,227,2025-12-10 13:41:59,pending,1204.27
572,335,2025-12-10 13:40:50,processing,2135.58
573,472,2025-12-10 13:43:30,pending,271.82
574,83,2025-12-10 13:37:05,delivered,3751.5
575,189,2025-12-10 13:31:30,delivered,105.78
576,150,2025-12-10 13:36:00,shipped,1297.8
577,270,2025-12-10 13:42:16,shipped,533.11
578,248,2025-12-10 13:30:46,delivered,3118.28
579,414,2025-12-10 13:43:12,processing,2470.38
580,212,2025-12-10 13:33:21,pending,1487.74
581,405,2025-12-10 13:33:41,pending,722.03
582,175,2025-12-10 13:29:46,processing,5532.72
583,80,2025-12-10 13:31:59,shipped,3233.84
584,410,2025-12-10 13:32:19,delivered,1067.56
585,321,2025-12-10 13:35:35,shipped,668.18
586,443,2025-12-10 13:42:01,delivered,1515.3
587,450,2025-12-10 13:29:17,processing,1613.04
588,468,2025-12-10 13:38:31,pending,5497.91
589,394,2025-12-10 13:45:26,delivered,984.38
590,171,2025-12-10 13:38:26,shipped,355.14
591,12,2025-12-10 13:44:14,shipped,1757.63
592,273,2025-12-10 13:31:42,processing,2150.84
593,106,2025-12-10 13:29:30,shipped,2758.67
594,277,2025-12-10 13:36:17,shipped,855.67
595,197,2025-12-10 13:46:21,pending,1788.77
596,499,2025-12-10 13:29:33,delivered,2214.37
597,241,2025-12-10 13:36:03,processing,1694.22
598,94,2025-12-10 13:40:13,delivered,2472.0
599,58,2025-12-10 13:33:07,processing,2481.43
600,167,2025-12-10 13:37:44,shipped,120.16
601,206,2025-12-10 13:46:46,shipped,1415.24
602,197,2025-12-10 13:39:59,pending,866.92
603,89,2025-12-10 13:37:22,delivered,1253.84
604,59,2025-12-10 13:34:44,shipped,3179.02
605,307,2025-12-10 13:38:52,pending,1810.06
606,232,2025-12-10 13:39:29,shipped,2570.28
607,368,2025-12-10 13:31:29,cancelled,2946.23
608,32,2025-12-10 13:33:08,processing,3176.21
609,321,2025-12-10 13:37:50,processing,1189.22
610,97,2025-12-10 13:44:40,shipped,1343.02
611,37,2025-12-10 13:30:36,shipped,977.19
612,71,2025-12-10 13:41:19,shipped,4738.68
613,116,2025-12-10 13:36:56,processing,3474.85
614,291,2025-12-10 13:39:29,shipped,2588.37
615,239,2025-12-10 13:44:01,shipped,3227.94
616,233,2025-12-10 13:33:21,shipped,2269.47
617,356,2025-12-10 13:37:09,delivered,1040.27
618,337,2025-12-10 13:41:13,cancelled,3598.18
619,141,2025-12-10 13:32:09,delivered,914.0
620,466,2025-12-10 13:42:56,shipped,2146.86
621,401,2025-12-10 13:45:10,delivered,3266.69
622,386,2025-12-10 13:36:19,cancelled,1483.81
623,27,2025-12-10 13:30:54,processing,3404.86
624,75,2025-12-10 13:40:17,shipped,1848.15
625,490,2025-12-10 13:36:31,delivered,4554.24
626,347,2025-12-10 13:33:17,delivered,286.92
627,426,2025-12-10 13:42:25,pending,2906.99
628,99,2025-12-10 13:45:49,pending,1313.06
629,357,2025-12-10 13:29:15,processing,2540.43
630,132,2025-12-10 13:37:42,processing,432.6
631,196,2025-12-10 13:46:24,processing,1089.18
632,92,2025-12-10 13:46:37,shipped,2266.31
633,315,2025-12-10 13:42:46,shipped,2554.43
634,460,2025-12-10 13:43:06,shipped,327.84
635,137,2025-12-10 13:40:18,processing,1796.92
636,207,2025-12-10 13:41:57,delivered,186.78
637,2,2025-12-10 13:34:04,processing,2727.05
638,324,2025-12-10 13:34:40,cancelled,637.56
639,42,2025-12-10 13:41:31,delivered,1590.75
640,154,2025-12-10 13:35:19,delivered,257.36
641,44,2025-12-10 13:34:24,delivered,1905.75
642,33,2025-12-10 13:46:55,delivered,1540.08
643,29,2025-12-10 13:34:36,processing,307.78
644,109,2025-12-10 13:29:02,delivered,2750.25
645,242,2025-12-10 13:32:45,delivered,3784.92
646,428,2025-12-10 13:46:58,shipped,441.0
647,305,2025-12-10 13:36:26,delivered,481.31
648,416,2025-12-10 13:34:14,delivered,2367.66
649,304,2025-12-10 13:37:21,processing,1328.76
650,73,2025-12-10 13:41:43,delivered,1819.4
651,125,2025-12-10 13:36:08,delivered,184.19
652,406,2025-12-10 13:30:24,delivered,1501.77
653,214,2025-12-10 13:43:53,delivered,2206.76
654,313,2025-12-10 13:46:23,delivered,3155.65
655,272,2025-12-10 13:46:32,cancelled,2258.42
656,408,2025-12-10 13:40:41,pending,2529.1
657,223,2025-12-10 13:43:33,processing,2981.0
658,37,2025-12-10 13:39:09,delivered,1851.34
659,117,2025-12-10 13:43:24,pending,4062.08
660,75,2025-12-10 13:45:32,processing,3265.41
661,172,2025-12-10 13:42:57,pending,3178.72
662,454,2025-12-10 13:45:53,processing,374.5
663,211,2025-12-10 13:46:07,delivered,2592.76
664,168,2025-12-10 13:29:36,shipped,1553.8
665,23,2025-12-10 13:42:36,pending,4029.51
666,254,2025-12-10 13:38:29,processing,2331.38
667,343,2025-12-10 13:40:02,processing,3356.16
668,405,2025-12-10 13:36:27,delivered,2811.08
669,358,2025-12-10 13:45:21,delivered,3728.52
670,239,2025-12-10 13:38:09,shipped,1446.86
671,172,2025-12-10 13:38:33,processing,670.26
672,386,2025-12-10 13:40:05,delivered,1765.76
673,142,2025-12-10 13:45:11,pending,2553.51
674,232,2025-12-10 13:40:24,shipped,1087.96
675,45,2025-12-10 13:33:59,pending,558.72
676,142,2025-12-10 13:31:41,pending,1039.16
677,151,2025-12-10 13:36:52,shipped,2483.87
678,447,2025-12-10 13:41:10,delivered,6318.27
679,460,2025-12-10 13:35:49,delivered,2117.82
680,498,2025-12-10 13:31:45,processing,900.66
681,146,2025-12-10 13:45:17,shipped,2096.22
682,499,2025-12-10 13:39:59,processing,557.81
683,163,2025-12-10 13:40:44,shipped,2102.88
684,191,2025-12-10 13:40:14,shipped,352.57
685,208,2025-12-10 13:34:23,delivered,636.64
686,497,2025-12-10 13:46:09,delivered,3777.38
687,461,2025-12-10 13:45:39,pending,2740.67
688,312,2025-12-10 13:38:21,shipped,2973.8
689,252,2025-12-10 13:44:35,processing,3696.65
690,146,2025-12-10 13:38:25,processing,2494.26
691,412,2025-12-10 13:31:57,shipped,424.85
692,74,2025-12-10 13:31:10,processing,1809.94
693,213,2025-12-10 13:38:55,processing,1465.94
694,422,2025-12-10 13:46:57,delivered,2687.27
695,490,2025-12-10 13:42:09,shipped,894.77
696,392,2025-12-10 13:34:19,processing,1166.24
697,290,2025-12-10 13:43:36,shipped,2025.03
698,298,2025-12-10 13:44:07,pending,963.89
699,185,2025-12-10 13:40:00,shipped,1520.53
700,392,2025-12-10 13:33:05,pending,480.66
701,139,2025-12-10 13:33:00,delivered,2464.6
702,71,2025-12-10 13:45:48,shipped,1981.06
703,80,2025-12-10 13:43:28,shipped,940.05
704,236,2025-12-10 13:37:45,delivered,374.77
705,246,2025-12-10 13:40:24,processing,1136.79
706,15,2025-12-10 13:36:37,delivered,964.72
707,439,2025-12-10 13:38:08,delivered,1716.84
708,41,2025-12-10 13:42:51,shipped,229.44
709,397,2025-12-10 13:41:07,shipped,1552.39
710,23,2025-12-10 13:39:50,pending,494.81
711,472,2025-12-10 13:31:26,shipped,3157.04
712,438,2025-12-10 13:41:12,shipped,3106.8
713,462,2025-12-10 13:43:51,delivered,687.76
714,472,2025-12-10 13:39:35,shipped,1588.62
715,110,2025-12-10 13:32:47,shipped,1185.75
716,361,2025-12-10 13:42:44,processing,1010.22
717,253,2025-12-10 13:44:01,pending,2255.99
718,438,2025-12-10 13:43:33,shipped,1349.91
719,92,2025-12-10 13:37:05,pending,1073.66
720,206,2025-12-10 13:29:15,delivered,6.61
721,187,2025-12-10 13:30:41,cancelled,1781.06
722,143,2025-12-10 13:36:02,delivered,3207.1
723,63,2025-12-10 13:40:57,processing,2215.65
724,498,2025-12-10 13:46:11,processing,4989.79
725,252,2025-12-10 13:35:15,shipped,2623.09
726,437,2025-12-10 13:31:03,processing,2754.92
727,69,2025-12-10 13:32:44,processing,4539.8
728,201,2025-12-10 13:42:30,processing,2760.51
729,415,2025-12-10 13:35:31,delivered,1176.68
730,50,2025-12-10 13:30:16,shipped,1873.28
731,332,2025-12-10 13:31:54,processing,83.04
732,59,2025-12-10 13:40:09,processing,1409.76
733,20,2025-12-10 13:45:12,shipped,1315.94
734,194,2025-12-10 13:34:16,shipped,2465.88
735,255,2025-12-10 13:34:52,shipped,1899.9
736,326,2025-12-10 13:38:34,delivered,939.84
737,148,2025-12-10 13:33:55,processing,1470.27
738,140,2025-12-10 13:33:17,pending,4182.01
739,213,2025-12-10 13:46:52,shipped,4314.3
740,480,2025-12-10 13:38:34,shipped,1234.77
741,383,2025-12-10 13:36:19,delivered,1329.13
742,137,2025-12-10 13:39:24,delivered,1689.26
743,59,2025-12-10 13:34:41,pending,1066.14
744,238,2025-12-10 13:45:21,shipped,1746.08
745,405,2025-12-10 13:42:00,delivered,2271.68
746,460,2025-12-10 13:42:59,processing,880.48
747,121,2025-12-10 13:30:38,pending,2879.7
748,169,2025-12-10 13:46:43,delivered,975.67
749,226,2025-12-10 13:37:39,shipped,4992.33
750,451,2025-12-10 13:43:51,delivered,2224.59
751,11,2025-12-10 13:30:39,shipped,3584.54
752,440,2025-12-10 13:31:48,shipped,211.71
753,155,2025-12-10 13:46:15,pending,2405.1
754,324,2025-12-10 13:30:07,processing,5342.13
755,449,2025-12-10 13:38:21,delivered,1156.38
756,260,2025-12-10 13:29:15,pending,3171.06
757,2,2025-12-10 13:35:56,shipped,1506.84
758,265,2025-12-10 13:35:41,delivered,2210.88
759,448,2025-12-10 13:39:13,delivered,2723.52
760,189,2025-12-10 13:29:09,processing,2507.45
761,135,2025-12-10 13:31:26,delivered,1867.36
762,77,2025-12-10 13:40:22,pending,2519.45
763,424,2025-12-10 13:36:27,delivered,715.82
764,98,2025-12-10 13:43:57,delivered,2287.9
765,308,2025-12-10 13:37:14,processing,2254.59
766,149,2025-12-10 13:41:46,cancelled,1001.39
767,44,2025-12-10 13:46:58,pending,2033.52
768,363,2025-12-10 13:42:36,shipped,4282.54
769,311,2025-12-10 13:42:38,delivered,1565.89
770,298,2025-12-10 13:45:34,processing,2971.53
771,68,2025-12-10 13:32:32,pending,2531.89
772,475,2025-12-10 13:40:47,shipped,1189.68
773,378,2025-12-10 13:40:07,cancelled,249.31
774,77,2025-12-10 13:37:53,pending,1145.88
775,362,2025-12-10 13:38:17,shipped,441.3
776,227,2025-12-10 13:43:12,processing,3544.42
777,93,2025-12-10 13:29:31,delivered,1333.3
778,347,2025-12-10 13:40:45,pending,1736.07
779,429,2025-12-10 13:37:20,processing,342.04
780,426,2025-12-10 13:34:14,delivered,1379.51
781,109,2025-12-10 13:42:23,delivered,2324.77
782,131,2025-12-10 13:30:22,processing,4595.58
783,62,2025-12-10 13:43:54,processing,3248.1
784,454,2025-12-10 13:45:31,processing,628.53
785,223,2025-12-10 13:38:06,shipped,166.77
786,499,2025-12-10 13:42:44,shipped,1809.58
787,240,2025-12-10 13:33:41,shipped,2209.41
788,470,2025-12-10 13:45:54,pending,777.44
789,212,2025-12-10 13:33:37,pending,2595.12
790,432,2025-12-10 13:30:37,processing,407.73
791,161,2025-12-10 13:40:20,shipped,1352.01
792,447,2025-12-10 13:36:01,delivered,2365.85
793,236,2025-12-10 13:42:28,delivered,2465.14
794,418,2025-12-10 13:39:11,pending,1434.68
795,333,2025-12-10 13:31:07,processing,3237.86
796,463,2025-12-10 13:32:38,processing,3805.56
797,27,2025-12-10 13:34:12,processing,1020.72
798,435,2025-12-10 13:40:53,shipped,1891.85
799,217,2025-12-10 13:42:56,shipped,2862.24
800,83,2025-12-10 13:44:09,processing,1866.32
